sequence_id,frame_id,file_name,unproc_person_id,landmark_x_0,landmark_y_0,landmark_z_0,visibility_0,presence_0,landmark_x_1,landmark_y_1,landmark_z_1,visibility_1,presence_1,landmark_x_2,landmark_y_2,landmark_z_2,visibility_2,presence_2,landmark_x_3,landmark_y_3,landmark_z_3,visibility_3,presence_3,landmark_x_4,landmark_y_4,landmark_z_4,visibility_4,presence_4,landmark_x_5,landmark_y_5,landmark_z_5,visibility_5,presence_5,landmark_x_6,landmark_y_6,landmark_z_6,visibility_6,presence_6,landmark_x_7,landmark_y_7,landmark_z_7,visibility_7,presence_7,landmark_x_8,landmark_y_8,landmark_z_8,visibility_8,presence_8,landmark_x_9,landmark_y_9,landmark_z_9,visibility_9,presence_9,landmark_x_10,landmark_y_10,landmark_z_10,visibility_10,presence_10,landmark_x_11,landmark_y_11,landmark_z_11,visibility_11,presence_11,landmark_x_12,landmark_y_12,landmark_z_12,visibility_12,presence_12,landmark_x_13,landmark_y_13,landmark_z_13,visibility_13,presence_13,landmark_x_14,landmark_y_14,landmark_z_14,visibility_14,presence_14,landmark_x_15,landmark_y_15,landmark_z_15,visibility_15,presence_15,landmark_x_16,landmark_y_16,landmark_z_16,visibility_16,presence_16,landmark_x_17,landmark_y_17,landmark_z_17,visibility_17,presence_17,landmark_x_18,landmark_y_18,landmark_z_18,visibility_18,presence_18,landmark_x_19,landmark_y_19,landmark_z_19,visibility_19,presence_19,landmark_x_20,landmark_y_20,landmark_z_20,visibility_20,presence_20,landmark_x_21,landmark_y_21,landmark_z_21,visibility_21,presence_21,landmark_x_22,landmark_y_22,landmark_z_22,visibility_22,presence_22,landmark_x_23,landmark_y_23,landmark_z_23,visibility_23,presence_23,landmark_x_24,landmark_y_24,landmark_z_24,visibility_24,presence_24,landmark_x_25,landmark_y_25,landmark_z_25,visibility_25,presence_25,landmark_x_26,landmark_y_26,landmark_z_26,visibility_26,presence_26,landmark_x_27,landmark_y_27,landmark_z_27,visibility_27,presence_27,landmark_x_28,landmark_y_28,landmark_z_28,visibility_28,presence_28,landmark_x_29,landmark_y_29,landmark_z_29,visibility_29,presence_29,landmark_x_30,landmark_y_30,landmark_z_30,visibility_30,presence_30,landmark_x_31,landmark_y_31,landmark_z_31,visibility_31,presence_31,landmark_x_32,landmark_y_32,landmark_z_32,visibility_32,presence_32,gt_x,gt_y,gt_w,gt_h,gt_class,person_x,person_y,person_w,person_h,nearest_trash_x,nearest_trash_y,nearest_trash_w,nearest_trash_h
283,0,video_4_1_jpg.rf.04b8f00f22dfc99dbfe69400033cc7af.jpg,1.jpg,0.19123268127441406,0.11938130855560303,-0.07182031124830246,0.9971737861633301,0.9857596755027771,0.1956804096698761,0.09705141186714172,-0.22062920033931732,0.9964432120323181,0.986531674861908,0.20340460538864136,0.09702971577644348,-0.22139385342597961,0.9955459833145142,0.9868648648262024,0.21045047044754028,0.09713944792747498,-0.2208912968635559,0.9961827397346497,0.981116771697998,0.20059040188789368,0.09527793526649475,-0.06219661980867386,0.9980589747428894,0.9879001379013062,0.2127569019794464,0.09399551153182983,-0.06441240012645721,0.9983661770820618,0.991544246673584,0.2253992259502411,0.09282219409942627,-0.06529750674962997,0.9989814162254333,0.9914401769638062,0.2840486466884613,0.09732097387313843,-0.5969751477241516,0.9981030225753784,0.9862021803855896,0.3105352520942688,0.09313014149665833,0.11880327016115189,0.9990063309669495,0.9945916533470154,0.23929783701896667,0.13725969195365906,-0.15898209810256958,0.9897540211677551,0.9637527465820312,0.25373563170433044,0.1361432671546936,0.03790479525923729,0.9920611381530762,0.9470572471618652,0.29911747574806213,0.18792030215263367,-0.8347854614257812,0.9832994341850281,0.9270138740539551,0.6194361448287964,0.17694836854934692,0.5518051385879517,0.9857155680656433,0.9475376605987549,0.0316203236579895,0.2914242148399353,-0.5948895812034607,0.1573030948638916,0.3423943519592285,0.2747424244880676,0.27215680480003357,0.8158689141273499,0.005148930940777063,0.6094074249267578,-0.02396184206008911,0.28388410806655884,0.33824780583381653,0.01400597020983696,0.11994852870702744,0.05183982849121094,0.27537235617637634,0.7957068085670471,0.006436638534069061,0.5837587714195251,-0.04842275381088257,0.2758103609085083,0.36133426427841187,0.028422124683856964,0.10849551111459732,-0.011124908924102783,0.26874852180480957,0.8148780465126038,0.014158208854496479,0.5577456951141357,-0.013696908950805664,0.26667287945747375,0.34591004252433777,0.0320599228143692,0.10060315579175949,-0.015431344509124756,0.26895275712013245,0.7174543142318726,0.01602819934487343,0.527006983757019,0.017818033695220947,0.2705007493495941,0.35875922441482544,0.03367796912789345,0.11959197372198105,-0.0023093819618225098,0.27370962500572205,0.7381765246391296,0.020703617483377457,0.6074452996253967,0.5768987536430359,0.5072813630104065,-0.4160754680633545,0.9733359217643738,0.9313502311706543,0.7563908100128174,0.48929956555366516,0.41531845927238464,0.983567476272583,0.9740598201751709,0.5627544522285461,0.7321503162384033,-0.030828110873699188,0.32823628187179565,0.7141118049621582,0.7006053924560547,0.699124813079834,0.6318426132202148,0.0696793869137764,0.9279274344444275,0.6856115460395813,0.9513609409332275,0.18490542471408844,0.6424946784973145,0.29530924558639526,0.8060893416404724,0.8975366353988647,0.9554903507232666,0.13327449560165405,0.5353894233703613,0.7910454273223877,0.981217086315155,0.18629981577396393,0.579001247882843,0.13307636976242065,0.878032922744751,0.9429019689559937,0.983503520488739,0.21390046179294586,0.3900136947631836,0.486429899930954,0.9949796795845032,-0.1572701334953308,0.46588262915611267,0.1752457618713379,0.6421096920967102,0.9344050884246826,0.7845250368118286,0.1387137919664383,0.4254933297634125,0.17452083333333332,0.4992037037037037,0.15488541666666666,0.3867129629629629,1,0.207122,0.498789,0.0685327,0.364514,0.652004,0.626458,0.0392398,0.0275556
283,1,video_4_2_jpg.rf.fefc65d70b4d69c9fb3719c6cd059a28.jpg,1.jpg,0.19943389296531677,0.12251082062721252,0.12188128381967545,0.9884687066078186,0.9686800837516785,0.20742377638816833,0.09951964020729065,-0.031923744827508926,0.9900818467140198,0.969616174697876,0.2126809060573578,0.0989179015159607,-0.03271816670894623,0.9874228239059448,0.9711773991584778,0.2173629105091095,0.09846338629722595,-0.032074954360723495,0.9886764287948608,0.9595025181770325,0.21679776906967163,0.0976560115814209,0.1043764129281044,0.9945088028907776,0.9724087715148926,0.22944986820220947,0.09578940272331238,0.10216469317674637,0.9951110482215881,0.9802006483078003,0.2436770498752594,0.09382173418998718,0.1010868176817894,0.9967668056488037,0.9798659682273865,0.2879968583583832,0.09835952520370483,-0.4659527838230133,0.9950578212738037,0.9768224358558655,0.32453539967536926,0.09445363283157349,0.14840508997440338,0.9976256489753723,0.989213764667511,0.2376803159713745,0.1378093659877777,0.014469594694674015,0.9730342626571655,0.9495750665664673,0.25481125712394714,0.13765940070152283,0.18184751272201538,0.9770157933235168,0.9145349264144897,0.2799718976020813,0.19118359684944153,-0.766775906085968,0.9858025312423706,0.9523198008537292,0.6521192789077759,0.17963942885398865,0.48082616925239563,0.9724128842353821,0.9524978995323181,0.030182957649230957,0.3118947744369507,-0.44725266098976135,0.1676071137189865,0.39762964844703674,0.6931160688400269,0.30394184589385986,0.8958297967910767,0.009135478176176548,0.5557311773300171,0.11933624744415283,0.2851586937904358,0.6145653128623962,0.008436264470219612,0.29247140884399414,0.27557265758514404,0.2735486924648285,1.2458432912826538,0.0020138074178248644,0.7863345146179199,0.11213397979736328,0.259260356426239,0.7039863467216492,0.01587897725403309,0.2683904469013214,0.17681315541267395,0.26431238651275635,1.3178428411483765,0.003606842365115881,0.7996002435684204,0.15636363625526428,0.2526892423629761,0.6570464968681335,0.017068292945623398,0.23926499485969543,0.13896650075912476,0.2614310085773468,1.2468420267105103,0.0037596262991428375,0.7590710520744324,0.1565430760383606,0.2539733946323395,0.6269508004188538,0.01887042447924614,0.29309892654418945,0.16820797324180603,0.26479119062423706,1.2067909240722656,0.004893351811915636,0.8155692219734192,0.5728742480278015,0.5088215470314026,-0.4078788161277771,0.9804666638374329,0.9501712918281555,0.7733369469642639,0.4856051206588745,0.40732982754707336,0.9795992374420166,0.979945182800293,0.5790862441062927,0.7324661612510681,0.001566208666190505,0.6905961632728577,0.7792273759841919,0.6123479008674622,0.6624948382377625,0.7233486771583557,0.12116346508264542,0.9214686155319214,0.7013162970542908,0.9625742435455322,0.2003396898508072,0.8705018758773804,0.29539069533348083,0.6944067478179932,0.8281408548355103,1.1854974031448364,0.1581726223230362,0.6578565835952759,0.8116331696510315,0.9850245714187622,0.21171437203884125,0.7722007036209106,0.11675629019737244,0.7580390572547913,0.8597438335418701,1.2363390922546387,0.30190178751945496,0.5396223664283752,0.391796350479126,0.9849354028701782,-0.07438420504331589,0.640177309513092,0.19915588200092316,0.5426979660987854,0.8553084135055542,1.1794037818908691,0.11742889136075974,0.6263760328292847,0.17667187499999998,0.5003148148148149,0.14975,0.38149074074074074,1,0.206504,0.49849,0.0682675,0.362748,0.654716,0.626715,0.0463594,0.0277429
283,2,video_4_3_jpg.rf.a2482ed3307a68a4cb2308edc08dd139.jpg,1.jpg,0.17959678173065186,0.1223190426826477,-0.01619831658899784,0.9918017983436584,0.9696385860443115,0.18162521719932556,0.10095450282096863,-0.17945578694343567,0.99236661195755,0.9699366688728333,0.1859358549118042,0.10029566287994385,-0.1801995486021042,0.9906274080276489,0.9705566167831421,0.18978416919708252,0.09971660375595093,-0.1795189529657364,0.9914534091949463,0.9579340219497681,0.19438418745994568,0.09913453459739685,-0.027507195249199867,0.9959890246391296,0.9737336039543152,0.20971325039863586,0.09696102142333984,-0.02980385348200798,0.9966961145401001,0.9809711575508118,0.22572752833366394,0.09464028477668762,-0.030936721712350845,0.9977667331695557,0.980778694152832,0.26504412293434143,0.09757506847381592,-0.6168123483657837,0.9960980415344238,0.9695669412612915,0.31388938426971436,0.09264582395553589,0.06592174619436264,0.9981955885887146,0.9883669018745422,0.2227039933204651,0.1372174620628357,-0.12065424025058746,0.9810227751731873,0.9447556138038635,0.24455168843269348,0.13742724061012268,0.06585969030857086,0.9851505160331726,0.9170721173286438,0.27490657567977905,0.18728592991828918,-0.9265871047973633,0.9872246980667114,0.9437415599822998,0.6476250886917114,0.17567187547683716,0.45091360807418823,0.9827393293380737,0.9670647978782654,0.06906986236572266,0.3210107684135437,-0.7901539206504822,0.5091220140457153,0.4293132722377777,0.7024852633476257,0.3047146499156952,0.892540693283081,0.029254861176013947,0.6126537322998047,-0.05248701572418213,0.29381072521209717,0.05266358330845833,0.03673267364501953,0.3707250654697418,0.31516361236572266,0.31957417726516724,1.154374361038208,0.0029523714911192656,0.8213974833488464,-0.09304898977279663,0.2827380895614624,0.07503745704889297,0.05833524465560913,0.33793026208877563,0.22492381930351257,0.3225873112678528,1.2171236276626587,0.004610283300280571,0.8168063163757324,-0.07546228170394897,0.2616952657699585,0.07603525370359421,0.06302524358034134,0.33247247338294983,0.19450610876083374,0.31991419196128845,1.116583228111267,0.004917563870549202,0.7917733788490295,-0.03763079643249512,0.26510077714920044,0.07921674102544785,0.05997344106435776,0.3910272717475891,0.22139891982078552,0.318958580493927,1.104616403579712,0.006400611717253923,0.8457953333854675,0.5870459079742432,0.5078802704811096,-0.43148985505104065,0.9829965233802795,0.9487221837043762,0.7981138229370117,0.48002463579177856,0.43092504143714905,0.9821218252182007,0.9800630807876587,0.6238260865211487,0.728053092956543,-0.02330535650253296,0.7445646524429321,0.7782655358314514,0.6893562078475952,0.6589457392692566,0.7526910305023193,0.1585002839565277,0.9215754270553589,0.7408645153045654,0.9515339136123657,0.18484948575496674,0.9241267442703247,0.38017114996910095,0.7968001365661621,0.8182476162910461,1.2783421277999878,0.22032776474952698,0.6752925515174866,0.8261263966560364,0.9755551218986511,0.1964968889951706,0.8802328705787659,0.17811548709869385,0.8536216616630554,0.8474024534225464,1.3338204622268677,0.3785665035247803,0.5630205869674683,0.47397923469543457,0.9783340692520142,-0.13113698363304138,0.7763167023658752,0.2614634931087494,0.6875200867652893,0.8484628796577454,1.2224313020706177,0.17322054505348206,0.6753830313682556,0.18018229166666666,0.5005,0.14523958333333334,0.37813888888888886,1,0.206471,0.500869,0.0660308,0.36483,,,,
283,3,video_4_4_jpg.rf.364ffc4012ff0b1350052b317ee4f49f.jpg,1.jpg,0.1709173321723938,0.1250249445438385,0.03398151323199272,0.991295337677002,0.9786136746406555,0.17007845640182495,0.10216003656387329,-0.11553623527288437,0.9924629926681519,0.982543408870697,0.17319229245185852,0.1021072268486023,-0.1163308247923851,0.9917619228363037,0.9837875366210938,0.17605894804000854,0.10214677453041077,-0.1155596375465393,0.9916778802871704,0.9778178930282593,0.18328857421875,0.09931632876396179,0.013991761021316051,0.9954866766929626,0.9834542274475098,0.19732195138931274,0.09719836711883545,0.011580393649637699,0.9967448711395264,0.988059937953949,0.21106046438217163,0.09518662095069885,0.010355793870985508,0.9974952936172485,0.9877475500106812,0.24661961197853088,0.10179564356803894,-0.4931921064853668,0.9968311190605164,0.983324408531189,0.2982909381389618,0.0941929817199707,0.08716526627540588,0.9981839060783386,0.9916834831237793,0.21114176511764526,0.13965672254562378,-0.04670892283320427,0.980736494064331,0.9658783674240112,0.22660550475120544,0.13855603337287903,0.10978309065103531,0.9812459945678711,0.940908670425415,0.26592332124710083,0.19048359990119934,-0.732043445110321,0.9923778772354126,0.9711034297943115,0.6833297610282898,0.1760164499282837,0.39289590716362,0.9790521860122681,0.9726799726486206,0.09812819957733154,0.32232773303985596,-0.6064256429672241,0.7654422521591187,0.5860862731933594,0.8623844981193542,0.3109782636165619,0.7665093541145325,0.03623948618769646,0.5891912579536438,-0.20752817392349243,0.3083345890045166,0.03326214849948883,0.12901993095874786,0.7224618196487427,0.5354369878768921,0.3080446720123291,1.045129656791687,0.0017072585178539157,0.8356492519378662,-0.2915889620780945,0.3033269941806793,0.040461745113134384,0.18248802423477173,0.7134647369384766,0.46905773878097534,0.30708521604537964,1.0925368070602417,0.002842038171365857,0.8707493543624878,-0.2769837975502014,0.2791840434074402,0.06129956990480423,0.19368599355220795,0.7214678525924683,0.4132356643676758,0.3011348843574524,1.0182907581329346,0.0029692251700907946,0.8508188128471375,-0.22099298238754272,0.280545711517334,0.06712963432073593,0.16623032093048096,0.7604401707649231,0.42724382877349854,0.30101191997528076,1.0118416547775269,0.0035362711641937494,0.8807746767997742,0.5763431787490845,0.5059041976928711,-0.3720708191394806,0.9852340817451477,0.9559557437896729,0.8044087886810303,0.4833099842071533,0.37144559621810913,0.9773403406143188,0.9786399602890015,0.5749868154525757,0.7265589237213135,0.037881650030612946,0.8273851275444031,0.817000150680542,0.657247006893158,0.6605356931686401,0.6944679021835327,0.16011935472488403,0.908791184425354,0.6878167390823364,0.9438092708587646,0.24221985042095184,0.9235332608222961,0.43782538175582886,0.6842572093009949,0.8217536211013794,1.2025024890899658,0.1871258020401001,0.6357694864273071,0.7969732284545898,0.9715979695320129,0.25709599256515503,0.9154766798019409,0.21033577620983124,0.740987241268158,0.8530299663543701,1.2575697898864746,0.3731310963630676,0.5167714953422546,0.377342164516449,0.9976062178611755,-0.019444601610302925,0.8051708340644836,0.32499605417251587,0.5124168992042542,0.846089243888855,1.1870547533035278,0.16454119980335236,0.6961629986763,0.18385416666666668,0.5038611111111111,0.14209895833333333,0.37739814814814815,1,0.208037,0.501895,0.0646773,0.365873,,,,
283,4,video_4_5_jpg.rf.64232f1ed1cf34e923a2a7e12a0dfbd2.jpg,1.jpg,0.1620745062828064,0.12833020091056824,0.021349860355257988,0.9882021546363831,0.975716769695282,0.15740367770195007,0.1047883927822113,-0.13621892035007477,0.9883328080177307,0.975814938545227,0.15884414315223694,0.10472065210342407,-0.13694871962070465,0.986575186252594,0.9769346714019775,0.15977680683135986,0.10476991534233093,-0.13627687096595764,0.9864511489868164,0.9679613709449768,0.17195463180541992,0.10133275389671326,-0.010139674879610538,0.993970513343811,0.9782600402832031,0.18587136268615723,0.0986115038394928,-0.012453805655241013,0.9955580830574036,0.9847602248191833,0.1997980773448944,0.09594160318374634,-0.013590809889137745,0.9967511892318726,0.9845376014709473,0.2254311442375183,0.10298594832420349,-0.5451363325119019,0.9949394464492798,0.9779621362686157,0.2826797664165497,0.09428364038467407,0.021031932905316353,0.9978233575820923,0.990297257900238,0.199710875749588,0.1427694857120514,-0.069611556828022,0.9774977564811707,0.9629039168357849,0.21900850534439087,0.1408044993877411,0.08358447998762131,0.9820846915245056,0.9431513547897339,0.2534855008125305,0.19274723529815674,-0.805918276309967,0.9927536845207214,0.9727156162261963,0.6227554082870483,0.1754884123802185,0.3257637023925781,0.987432599067688,0.9828192591667175,0.03376680612564087,0.33011719584465027,-0.6732801795005798,0.5966919660568237,0.6012997031211853,0.7344882488250732,0.3229616582393646,0.6065329909324646,0.024199508130550385,0.6763812899589539,-0.22622078657150269,0.32237499952316284,0.051012154668569565,0.050175588577985764,0.4894711673259735,0.4872550964355469,0.3686734735965729,0.7819166779518127,0.0014372550649568439,0.7852547764778137,-0.2950894236564636,0.32318437099456787,0.06358451396226883,0.07866968214511871,0.46935272216796875,0.43460309505462646,0.3827752470970154,0.8157716989517212,0.002391709480434656,0.8137741088867188,-0.2759972810745239,0.3021462559700012,0.07168404757976532,0.08596029877662659,0.46579447388648987,0.3977859616279602,0.38113105297088623,0.7360582947731018,0.002502641873434186,0.7898076176643372,-0.2227189540863037,0.3012467622756958,0.08049578964710236,0.07565465569496155,0.5103926658630371,0.4071784019470215,0.3763621151447296,0.7446894645690918,0.00304248183965683,0.8295714259147644,0.5624862909317017,0.5142202377319336,-0.3729855716228485,0.9891319870948792,0.9763668179512024,0.7551841139793396,0.4935251474380493,0.3722287118434906,0.9872179627418518,0.9912808537483215,0.5430832505226135,0.737545371055603,0.10200899839401245,0.8544489145278931,0.9046114087104797,0.6068121194839478,0.685437798500061,0.8278263211250305,0.26260077953338623,0.9635393023490906,0.6448862552642822,0.9434071779251099,0.4359840750694275,0.9440495371818542,0.5916787385940552,0.5939463376998901,0.8639184236526489,1.3789198398590088,0.3761224150657654,0.7687633633613586,0.7482036352157593,0.9766098260879517,0.458194762468338,0.9004159569740295,0.3249627649784088,0.6204414367675781,0.893599271774292,1.4332484006881714,0.4826735854148865,0.653794527053833,0.3549985885620117,1.0001411437988281,0.15576253831386566,0.8272638320922852,0.4470668137073517,0.4041922390460968,0.8781455755233765,1.3075001239776611,0.2938392162322998,0.7709492444992065,0.18783854166666666,0.5027407407407408,0.14167708333333331,0.3826111111111111,1,0.210796,0.500779,0.0653652,0.36201,,,,
283,5,video_4_6_jpg.rf.e5ae619e058a3294726451567eb1f2fe.jpg,1.jpg,0.1334608793258667,0.12422958016395569,0.11442893743515015,0.9497207403182983,0.9292693138122559,0.12282705307006836,0.10315057635307312,-0.02959381230175495,0.9544310569763184,0.9549537897109985,0.12267926335334778,0.10292214155197144,-0.030667388811707497,0.9534633755683899,0.9614817500114441,0.12201210856437683,0.1028410792350769,-0.029873980209231377,0.9581733345985413,0.9521733522415161,0.14456713199615479,0.1000039279460907,0.08054323494434357,0.967286229133606,0.9481582045555115,0.16074177622795105,0.09775814414024353,0.0781426653265953,0.975395143032074,0.9624198079109192,0.17534539103507996,0.09583747386932373,0.07711005210876465,0.9827716946601868,0.9610635042190552,0.1773332953453064,0.10302326083183289,-0.41406571865081787,0.9799932837486267,0.9660638570785522,0.24877142906188965,0.09533894062042236,0.08246354013681412,0.9842671751976013,0.9687603116035461,0.17320647835731506,0.13996201753616333,0.027678625658154488,0.8892375230789185,0.909065842628479,0.19698792695999146,0.14052599668502808,0.1603708118200302,0.8837687969207764,0.8243646621704102,0.23468703031539917,0.19151034951210022,-0.5897361040115356,0.9834495186805725,0.935106635093689,0.5837619304656982,0.17261001467704773,0.3569609522819519,0.9313690066337585,0.8452309966087341,0.052987098693847656,0.3457712233066559,-0.42071884870529175,0.16192816197872162,0.35040897130966187,0.6270408630371094,0.3149465322494507,0.7127255797386169,0.001077589811757207,0.33434203267097473,-0.1778584122657776,0.33766958117485046,0.22496682405471802,0.02436693012714386,0.4131503105163574,0.3450085520744324,0.2875604033470154,0.9884501099586487,0.0009715275373309851,0.4062501788139343,-0.2537689208984375,0.332042932510376,0.23551028966903687,0.05108372122049332,0.42059242725372314,0.28836628794670105,0.2733031213283539,1.0281535387039185,0.0025344048626720905,0.45617571473121643,-0.23134762048721313,0.3106640577316284,0.24122430384159088,0.056857429444789886,0.43755990266799927,0.2219374179840088,0.2768344581127167,0.9476277232170105,0.002890894655138254,0.42035698890686035,-0.1765802502632141,0.31226497888565063,0.250115305185318,0.053246647119522095,0.4708106815814972,0.22758683562278748,0.284501314163208,0.9498991966247559,0.003254761453717947,0.48126220703125,0.5361166000366211,0.5037140250205994,-0.28931155800819397,0.9608803987503052,0.923213005065918,0.7562214136123657,0.4804922342300415,0.2884086072444916,0.9467720985412598,0.9439494609832764,0.5050106048583984,0.719588041305542,0.22299957275390625,0.2217038869857788,0.708290159702301,0.620963990688324,0.6727290749549866,0.7157846689224243,0.013315144926309586,0.8182446360588074,0.5963770151138306,0.9451983571052551,0.3544561266899109,0.49310410022735596,0.43156278133392334,0.649168848991394,0.8455089330673218,1.1791590452194214,0.027736222371459007,0.5136731863021851,0.7026553750038147,0.9705504775047302,0.3554099202156067,0.5506091713905334,0.23268412053585052,0.6915779113769531,0.8786067962646484,1.2289046049118042,0.06530117243528366,0.4376126825809479,0.35701245069503784,0.9872965216636658,0.04644785821437836,0.3263440430164337,0.35739633440971375,0.5058202147483826,0.8680078983306885,1.1069531440734863,0.0312875360250473,0.654758870601654,0.19491145833333334,0.506,0.13171875,0.3760925925925926,1,0.214001,0.502798,0.0685889,0.366041,,,,
283,6,video_4_7_jpg.rf.d3ab294663acc337c3f966f1dd69398b.jpg,1.jpg,0.12940362095832825,0.14538699388504028,-0.080657958984375,0.9873543381690979,0.9881715178489685,0.11966294050216675,0.1223624050617218,-0.20210705697536469,0.9859959483146667,0.9911288022994995,0.1229962408542633,0.12069711089134216,-0.20289883017539978,0.9855097532272339,0.99139004945755,0.12569940090179443,0.11934149265289307,-0.20200198888778687,0.9841827750205994,0.9881430268287659,0.1303836703300476,0.1218704879283905,-0.09682324528694153,0.9926106333732605,0.9922939538955688,0.14035144448280334,0.11988896131515503,-0.0991985872387886,0.9951602816581726,0.9946753978729248,0.14898905158042908,0.11809757351875305,-0.10027866810560226,0.9962483048439026,0.994587779045105,0.1896546185016632,0.11458417773246765,-0.4704481363296509,0.9919925928115845,0.9883055686950684,0.22008666396141052,0.11347952485084534,0.0027552347164601088,0.9970954656600952,0.9952698349952698,0.17632481455802917,0.15780681371688843,-0.1250578910112381,0.9592864513397217,0.9686277508735657,0.18474239110946655,0.15775099396705627,0.0007462040521204472,0.967203676700592,0.9533088803291321,0.253733366727829,0.19963693618774414,-0.6225125789642334,0.9890811443328857,0.9494057893753052,0.5869539380073547,0.18551015853881836,0.2695319950580597,0.9768398404121399,0.9719399809837341,0.10596394538879395,0.3620791733264923,-0.5671411752700806,0.4929429888725281,0.3698890805244446,0.7812190055847168,0.3105960488319397,0.5197747349739075,0.02246950753033161,0.5911639928817749,-0.09375745058059692,0.3501824140548706,-0.06859190762042999,0.040491003543138504,0.4977821111679077,0.5290701985359192,0.34723082184791565,0.7385623455047607,0.0009016615222208202,0.7748755812644958,-0.1558346152305603,0.3451470136642456,-0.07221763581037521,0.07472191005945206,0.556195080280304,0.47551220655441284,0.3508963882923126,0.7635787725448608,0.0014650493394583464,0.8226024508476257,-0.14571815729141235,0.3236169219017029,-0.06098492443561554,0.08374384045600891,0.6042752265930176,0.4343074560165405,0.3516503572463989,0.6964491605758667,0.0016504343366250396,0.8148027658462524,-0.09928107261657715,0.3242117166519165,-0.04345712438225746,0.07751977443695068,0.6136332154273987,0.44295811653137207,0.3509719669818878,0.7077306509017944,0.0019158580107614398,0.8387046456336975,0.5289584994316101,0.5038338899612427,-0.31022724509239197,0.9561364650726318,0.9243549704551697,0.7375468015670776,0.4833885431289673,0.30968964099884033,0.9437777400016785,0.9671078324317932,0.470071017742157,0.7307383418083191,0.0674906075000763,0.6450468897819519,0.8428678512573242,0.591651201248169,0.6986690759658813,0.4637192487716675,0.053034599870443344,0.9383398294448853,0.5827691555023193,0.9563049674034119,0.22480490803718567,0.8428200483322144,0.6401971578598022,0.5834028720855713,0.8778757452964783,0.9261810183525085,0.09623237699270248,0.7339202761650085,0.6834421753883362,0.9809316396713257,0.23010534048080444,0.8593683242797852,0.4274357557296753,0.6396878361701965,0.9136304259300232,0.9703052043914795,0.19172586500644684,0.6631574630737305,0.29142776131629944,0.9727166891098022,-0.0709296315908432,0.7323607802391052,0.639805793762207,0.37490591406822205,0.9009397029876709,0.8102911710739136,0.1122182160615921,0.8434927463531494,0.19963020833333334,0.5057222222222222,0.12647916666666667,0.37366666666666665,1,0.216737,0.501022,0.0670229,0.367157,,,,
283,7,video_4_8_jpg.rf.fea0d7c825b7654c2a667f21af34e702.jpg,1.jpg,0.14440330862998962,0.14590540528297424,0.15049326419830322,0.9988176226615906,0.9985028505325317,0.135204017162323,0.1241513192653656,0.019401252269744873,0.998712420463562,0.9985948204994202,0.13819783926010132,0.1229211688041687,0.018785903230309486,0.9985516667366028,0.9986315369606018,0.14067324995994568,0.12199431657791138,0.019618170335888863,0.9985681772232056,0.9981069564819336,0.1458982229232788,0.1220020055770874,0.13725244998931885,0.9993422627449036,0.9988266825675964,0.15733715891838074,0.11925941705703735,0.13517995178699493,0.9995158910751343,0.9991816878318787,0.16954728960990906,0.11654239892959595,0.13429482281208038,0.9996485710144043,0.999182403087616,0.20526093244552612,0.11626303195953369,-0.33181342482566833,0.9992613196372986,0.9984179735183716,0.2453797161579132,0.11035332083702087,0.19637392461299896,0.9996827840805054,0.999384880065918,0.1987248659133911,0.15749424695968628,0.07085587829351425,0.997600257396698,0.9975265860557556,0.2126191258430481,0.15818825364112854,0.21292170882225037,0.9978349804878235,0.9960756897926331,0.2962903678417206,0.19445675611495972,-0.5680962204933167,0.9984595775604248,0.995205819606781,0.6011211276054382,0.18773937225341797,0.45979559421539307,0.9966529011726379,0.9971994161605835,0.20650115609169006,0.36482101678848267,-0.45886653661727905,0.8696926832199097,0.7795636057853699,0.7179321646690369,0.33613309264183044,0.7546894550323486,0.08421656489372253,0.8988229036331177,-0.06558287143707275,0.33594316244125366,0.12594422698020935,0.20024429261684418,0.9347853660583496,0.4632757306098938,0.35337501764297485,0.9464498162269592,0.003493804717436433,0.9665049910545349,-0.14346230030059814,0.32753831148147583,0.13942019641399384,0.24956870079040527,0.9336605668067932,0.40001294016838074,0.35787636041641235,0.9763290882110596,0.004552375990897417,0.9683467745780945,-0.13709402084350586,0.3053796887397766,0.16118881106376648,0.2574898898601532,0.9453856348991394,0.36615288257598877,0.35352611541748047,0.9119709134101868,0.004782084375619888,0.9665162563323975,-0.08868736028671265,0.3071969151496887,0.16135486960411072,0.2295760065317154,0.954630434513092,0.3795492351055145,0.3519274592399597,0.9146976470947266,0.005682605318725109,0.9746907949447632,0.5284737348556519,0.5003207921981812,-0.3380339741706848,0.9865690469741821,0.9773358106613159,0.743364155292511,0.48398029804229736,0.3375435471534729,0.9839202761650085,0.9908327460289001,0.4528852105140686,0.7289899587631226,0.06670419871807098,0.7542019486427307,0.915429949760437,0.6155602931976318,0.6944165229797363,0.5310049653053284,0.10812891274690628,0.9632900357246399,0.5615106821060181,0.9580013155937195,0.24855168163776398,0.8500636219978333,0.560553252696991,0.7259359955787659,0.883309006690979,0.9281699061393738,0.12505820393562317,0.726917028427124,0.6627967953681946,0.9815636873245239,0.2599433362483978,0.8671982288360596,0.32707953453063965,0.7932713627815247,0.9179044365882874,0.9657909274101257,0.2729901969432831,0.6246393322944641,0.3024061918258667,0.9785686731338501,0.02487315982580185,0.714031457901001,0.5604625940322876,0.5607684254646301,0.9019085168838501,0.8448230624198914,0.12209164351224899,0.8166049122810364,0.20744270833333334,0.5067499999999999,0.115890625,0.37012962962962964,1,0.218359,0.503092,0.0700626,0.367443,0.655607,0.628355,0.0585144,0.0294395
283,8,video_4_9_jpg.rf.07530717953a16155488348197a0f6e5.jpg,1.jpg,0.0523223876953125,0.10052758455276489,0.3202682435512543,0.9658641219139099,0.9648436307907104,0.03795945644378662,0.0786064863204956,0.15596812963485718,0.9592210650444031,0.960979163646698,0.043352484703063965,0.07670873403549194,0.15509574115276337,0.9554827213287354,0.9633780717849731,0.047850608825683594,0.07554033398628235,0.1560472697019577,0.9609265327453613,0.9540371298789978,0.04373043775558472,0.07868823409080505,0.29655522108078003,0.9767193794250488,0.9662561416625977,0.052763938903808594,0.07700356841087341,0.2941516041755676,0.9821695685386658,0.9765283465385437,0.06099748611450195,0.0754406750202179,0.2929588556289673,0.9876535534858704,0.9780786633491516,0.12357944250106812,0.0698026716709137,-0.3412357568740845,0.9813211560249329,0.9718046188354492,0.1412663757801056,0.06690084934234619,0.2934497892856598,0.9902347326278687,0.9874251484870911,0.11461681127548218,0.11076316237449646,0.19480356574058533,0.9609366655349731,0.9768326282501221,0.12071362137794495,0.1118510365486145,0.36565059423446655,0.9637189507484436,0.9611932039260864,0.24445071816444397,0.14623579382896423,-0.6791421175003052,0.9952994585037231,0.9812384843826294,0.543621838092804,0.1330336034297943,0.6241699457168579,0.9913119077682495,0.9897320866584778,0.199773371219635,0.32787618041038513,-0.48977845907211304,0.6298049092292786,0.5233904123306274,0.6954226493835449,0.28332507610321045,1.1957614421844482,0.024996770545840263,0.8111706972122192,-0.0978015661239624,0.3207516074180603,0.43949317932128906,0.043192800134420395,0.856486439704895,0.4376469850540161,0.30641788244247437,1.7339634895324707,0.0026447148993611336,0.949941873550415,-0.18687236309051514,0.3175371587276459,0.5015314221382141,0.06043731048703194,0.8589982986450195,0.3600335717201233,0.3140147924423218,1.8244050741195679,0.003871861845254898,0.9459754824638367,-0.18709295988082886,0.2929518222808838,0.5256383419036865,0.0638490617275238,0.8782619833946228,0.3241763710975647,0.3121897578239441,1.756065011024475,0.004103460814803839,0.9426860809326172,-0.12758785486221313,0.29244646430015564,0.4881259500980377,0.05482923984527588,0.8969809412956238,0.34287315607070923,0.31017810106277466,1.705871343612671,0.004817557986825705,0.9585081934928894,0.4653635621070862,0.45682206749916077,-0.4603729248046875,0.9762875437736511,0.9674418568611145,0.7202398777008057,0.443293958902359,0.4596823453903198,0.9740476012229919,0.9872750043869019,0.32803013920783997,0.6931147575378418,-0.012254147790372372,0.5807725191116333,0.9239886999130249,0.5873984098434448,0.6542077660560608,0.7261369228363037,0.06584097445011139,0.9722035527229309,0.45220136642456055,0.9333348274230957,0.2618052065372467,0.7987805008888245,0.6692843437194824,0.6108197569847107,0.8649292588233948,1.3461898565292358,0.15176844596862793,0.8340181708335876,0.5649281144142151,0.9647353887557983,0.27932828664779663,0.7504953742027283,0.45742303133010864,0.6805852651596069,0.9041820764541626,1.4051520824432373,0.2758241593837738,0.7703302502632141,0.1558464765548706,0.9672102928161621,-0.014318919740617275,0.5517715811729431,0.5967767834663391,0.3508841395378113,0.879763126373291,1.274371862411499,0.10456495732069016,0.8479006290435791,0.21090104166666668,0.5093611111111112,0.11232291666666666,0.3604351851851852,1,0.225042,0.51645,0.0591054,0.346745,,,,
283,9,video_4_10_jpg.rf.cc07d9d9df07bdf0809530d6e3e11785.jpg,1.jpg,-0.025767505168914795,0.11369603872299194,0.18954826891422272,0.9827978610992432,0.9608312249183655,-0.03406965732574463,0.08892598748207092,-0.01924157701432705,0.9799649715423584,0.9562578201293945,-0.02833646535873413,0.08610290288925171,-0.020230313763022423,0.9805853962898254,0.9629877805709839,-0.023312270641326904,0.08367496728897095,-0.019554734230041504,0.9846519231796265,0.9562093019485474,-0.020877182483673096,0.09079062938690186,0.1946735978126526,0.9852176308631897,0.9467188715934753,-0.007906556129455566,0.08913937211036682,0.19251234829425812,0.9876789450645447,0.9577822089195251,0.004643917083740234,0.08748674392700195,0.19141167402267456,0.9902920126914978,0.9567452073097229,0.05294746160507202,0.07157513499259949,-0.6691086292266846,0.9960529804229736,0.9822277426719666,0.08286178112030029,0.07112878561019897,0.29921865463256836,0.9936238527297974,0.9796363115310669,0.03371840715408325,0.1226041316986084,0.012770527973771095,0.989840567111969,0.9847437739372253,0.045600175857543945,0.12358811497688293,0.2784813940525055,0.9850844740867615,0.9616286754608154,0.24437958002090454,0.14741817116737366,-1.1859346628189087,0.9986735582351685,0.993420422077179,0.5306125283241272,0.1351110339164734,0.8699325919151306,0.9933807849884033,0.9869365096092224,0.3085879385471344,0.32618430256843567,-1.1769895553588867,0.9534160494804382,0.6188912391662598,0.6768485307693481,0.2842719256877899,1.6410422325134277,0.014706908725202084,0.7702645659446716,-0.10349386930465698,0.31539738178253174,-0.08671906590461731,0.20318400859832764,0.9248402118682861,0.28837090730667114,0.2868415117263794,2.214489221572876,0.00287936651147902,0.933122992515564,-0.22501540184020996,0.31091493368148804,-0.03933921828866005,0.1821713149547577,0.923244833946228,0.19008713960647583,0.28976768255233765,2.3538289070129395,0.0048593794927001,0.9355940222740173,-0.22296297550201416,0.28347107768058777,0.043900467455387115,0.17868126928806305,0.9352357387542725,0.14131909608840942,0.2795560359954834,2.2749624252319336,0.0050705792382359505,0.9285053014755249,-0.15521341562271118,0.2844668924808502,-0.006303422152996063,0.1465720534324646,0.9487192630767822,0.17530179023742676,0.27635473012924194,2.1776323318481445,0.006591166835278273,0.9456019401550293,0.511364221572876,0.4551105201244354,-0.6594171524047852,0.9586508274078369,0.8587200045585632,0.7469180822372437,0.4450620710849762,0.6589051485061646,0.9489076137542725,0.9183661341667175,0.33168235421180725,0.690894365310669,-0.4209337830543518,0.8078323602676392,0.8130773305892944,0.5370303988456726,0.6631395220756531,1.0006623268127441,0.09520098567008972,0.8921980261802673,0.38055479526519775,0.9383132457733154,-0.06327444314956665,0.8885317444801331,0.3254412114620209,0.5580263137817383,0.880987286567688,1.6374485492706299,0.22088979184627533,0.3902198076248169,0.47927048802375793,0.9668622016906738,-0.037789829075336456,0.8510251641273499,0.15179483592510223,0.6271798610687256,0.9230872392654419,1.6922848224639893,0.3936750888824463,0.29007020592689514,0.05964493751525879,0.9559684991836548,-0.4029536545276642,0.7192924618721008,0.24938715994358063,0.2959044277667999,0.9122475981712341,1.5078858137130737,0.16403497755527496,0.43830209970474243,0.21519791666666668,0.5101944444444444,0.10624479166666667,0.3677037037037037,1,0.228489,0.515638,0.0517443,0.336504,,,,
283,10,video_4_11_jpg.rf.7bf8c500ddd7c6289c093782ee7385b1.jpg,1.jpg,0.12294745445251465,0.1356571614742279,0.2060834914445877,0.9981445074081421,0.9993352293968201,0.11211508512496948,0.11285823583602905,0.06186627969145775,0.997904896736145,0.9990680813789368,0.12022179365158081,0.11034223437309265,0.06100744754076004,0.9978044629096985,0.999198853969574,0.12706869840621948,0.10801482200622559,0.06167234852910042,0.9983986020088196,0.9990192651748657,0.110104501247406,0.11293208599090576,0.19568641483783722,0.9984581470489502,0.9986850619316101,0.11744683980941772,0.11032739281654358,0.1940283179283142,0.9985938668251038,0.9988932013511658,0.12419849634170532,0.10753810405731201,0.1934947818517685,0.99891197681427,0.9987012147903442,0.20097774267196655,0.09704574942588806,-0.35771211981773376,0.9992871880531311,0.99958735704422,0.2030104100704193,0.09553202986717224,0.24744828045368195,0.9987046718597412,0.9992554783821106,0.18637615442276,0.14450925588607788,0.09825283288955688,0.9980431795120239,0.9997075200080872,0.18723267316818237,0.14526042342185974,0.263465940952301,0.9967356324195862,0.9990962743759155,0.38424748182296753,0.17207002639770508,-0.6551241874694824,0.9998762607574463,0.9999110698699951,0.5085511803627014,0.16082751750946045,0.6364351511001587,0.9989688396453857,0.9995627999305725,0.4783065915107727,0.35024234652519226,-0.6416120529174805,0.8738073110580444,0.992774486541748,0.6296905875205994,0.3090205788612366,1.0515809059143066,0.0016428063390776515,0.9936339855194092,0.11299854516983032,0.34096473455429077,0.00866760779172182,0.30697062611579895,0.9994231462478638,0.30171361565589905,0.33769214153289795,1.3038378953933716,0.006389622576534748,0.9983739852905273,0.019186079502105713,0.3605991303920746,0.03053950145840645,0.2909192144870758,0.99906986951828,0.27754703164100647,0.350367933511734,1.3655469417572021,0.01456077117472887,0.9979522228240967,-0.0037137269973754883,0.3336663246154785,0.08363204449415207,0.2810530364513397,0.9992165565490723,0.23420467972755432,0.34883666038513184,1.2985899448394775,0.014309159480035305,0.9976102113723755,0.04790759086608887,0.3286919593811035,0.060613226145505905,0.24448548257350922,0.9994925260543823,0.25188350677490234,0.3485032916069031,1.2697396278381348,0.015968507155776024,0.9985236525535583,0.5833251476287842,0.47189730405807495,-0.4124175012111664,0.9995694756507874,0.9998875856399536,0.7458858489990234,0.45511406660079956,0.41203346848487854,0.9993902444839478,0.9999251365661621,0.47348999977111816,0.6827661395072937,0.11516563594341278,0.7551239728927612,0.999744713306427,0.6929655075073242,0.6526975035667419,0.9113070368766785,0.08786708861589432,0.9997852444648743,0.4476301372051239,0.9151155948638916,0.33325138688087463,0.9169405102729797,0.9954952001571655,0.8496776223182678,0.8348644375801086,1.2815531492233276,0.29336878657341003,0.9969415068626404,0.5106251835823059,0.9552783966064453,0.343000590801239,0.8961719870567322,0.982165515422821,0.915967583656311,0.8735243082046509,1.3136590719223022,0.480464369058609,0.9932234287261963,0.14168000221252441,0.962401270866394,0.1571335792541504,0.8062511086463928,0.9817035794258118,0.6096359491348267,0.8623373508453369,1.2490723133087158,0.264708936214447,0.9936268329620361,0.218765625,0.5092685185185185,0.09659895833333333,0.3621111111111111,1,0.228529,0.511162,0.074548,0.355006,,,,
283,11,video_4_12_jpg.rf.009bd1284f4775e1ebdc059b57c83229.jpg,1.jpg,0.04748260974884033,0.13675808906555176,-0.15793229639530182,0.9959314465522766,0.9914199113845825,0.045644402503967285,0.11294293403625488,-0.28466272354125977,0.99493008852005,0.9888325929641724,0.05703097581863403,0.11034491658210754,-0.28558462858200073,0.9943247437477112,0.990494966506958,0.06903713941574097,0.1076749861240387,-0.284958153963089,0.9963403940200806,0.9887884259223938,0.04232281446456909,0.1132325530052185,-0.15280143916606903,0.9968229532241821,0.9877768754959106,0.050090014934539795,0.11119231581687927,-0.15472905337810516,0.9972416162490845,0.9913052916526794,0.05974990129470825,0.1086345911026001,-0.15552157163619995,0.998150110244751,0.9913598895072937,0.15460938215255737,0.09817594289779663,-0.6069464087486267,0.9985681772232056,0.9956294298171997,0.15731924772262573,0.09764555096626282,-0.00647360784932971,0.9981062412261963,0.9957958459854126,0.12172895669937134,0.1454361379146576,-0.23158560693264008,0.997481644153595,0.9975448250770569,0.11951351165771484,0.1469561755657196,-0.06896252185106277,0.9958972930908203,0.993872880935669,0.4137045741081238,0.1688639521598816,-0.8456498384475708,0.9994725584983826,0.9990966320037842,0.3813953399658203,0.17551970481872559,0.4821501672267914,0.9971611499786377,0.9979752898216248,0.5952773690223694,0.3363075256347656,-0.807368814945221,0.6549911499023438,0.9194526672363281,0.3582008481025696,0.31340765953063965,0.8625980019569397,0.002853230107575655,0.9757552742958069,0.192133367061615,0.36960935592651367,-0.23961709439754486,0.13886991143226624,0.9909118413925171,0.14646875858306885,0.34588783979415894,0.9525634050369263,0.006564706098288298,0.9880025386810303,0.09315669536590576,0.38965481519699097,-0.247996523976326,0.14210127294063568,0.9890060424804688,0.08549493551254272,0.3526802659034729,0.9784728288650513,0.014181963168084621,0.9850221276283264,0.06969523429870605,0.3665485382080078,-0.2078884094953537,0.14465947449207306,0.990982711315155,0.06348037719726562,0.35037413239479065,0.8996196389198303,0.014786610379815102,0.9840152263641357,0.11616826057434082,0.3605424761772156,-0.19512371718883514,0.12292101234197617,0.9935559630393982,0.08716690540313721,0.348824143409729,0.9099006056785583,0.015702396631240845,0.9897903800010681,0.7001831531524658,0.45639604330062866,-0.44546782970428467,0.9960576295852661,0.9972223043441772,0.7158476710319519,0.44923365116119385,0.44522055983543396,0.9956619143486023,0.9988667964935303,0.5225186944007874,0.6695392727851868,-0.06939148157835007,0.34389111399650574,0.9967051148414612,0.7382118105888367,0.6498797535896301,0.7293767929077148,0.023514367640018463,0.998369038105011,0.528218686580658,0.9068751335144043,0.11404424160718918,0.6945393085479736,0.9645130038261414,0.8408095240592957,0.8368096351623535,1.028262972831726,0.09425727277994156,0.9791536331176758,0.6178991794586182,0.9419021606445312,0.11461594700813293,0.6756301522254944,0.8839256167411804,0.9046826362609863,0.8650907278060913,1.049811840057373,0.20053629577159882,0.960133969783783,0.19304415583610535,0.9522255063056946,-0.21003271639347076,0.6254199743270874,0.9011107087135315,0.5563602447509766,0.8664969205856323,0.8733569979667664,0.14314688742160797,0.9619804620742798,0.22243229166666667,0.509824074074074,0.08926041666666666,0.3520462962962963,1,0.231196,0.512224,0.0658332,0.349739,,,,
283,12,video_4_13_jpg.rf.4f3d6558a14f2d3396006a30d261801a.jpg,1.jpg,0.1950376033782959,0.14797982573509216,-0.26709288358688354,0.9999523162841797,0.9999468326568604,0.18743908405303955,0.12513214349746704,-0.35450997948646545,0.9999274015426636,0.9999010562896729,0.1967332363128662,0.12272852659225464,-0.35509538650512695,0.9999203681945801,0.9999150037765503,0.205691397190094,0.12055110931396484,-0.35463666915893555,0.9999436140060425,0.9998959302902222,0.18098974227905273,0.1252823770046234,-0.26005086302757263,0.9999517202377319,0.999876856803894,0.18465274572372437,0.1232178807258606,-0.26153767108917236,0.9999566078186035,0.9999041557312012,0.1887218952178955,0.12070348858833313,-0.2619991600513458,0.9999669790267944,0.9998929500579834,0.2869412302970886,0.10715115070343018,-0.5315648317337036,0.9999794960021973,0.9999576807022095,0.26838842034339905,0.10791867971420288,-0.09789512306451797,0.9999672174453735,0.9999405145645142,0.26013293862342834,0.1586480736732483,-0.29645735025405884,0.9999642372131348,0.9999786615371704,0.2588728368282318,0.16138741374015808,-0.17957141995429993,0.9999223947525024,0.999932050704956,0.5626881122589111,0.1834428310394287,-0.6468672752380371,0.9999774694442749,0.9999864101409912,0.46378958225250244,0.1891423463821411,0.2902073860168457,0.9997789263725281,0.9999494552612305,0.6989122033119202,0.3457901179790497,-0.8779999017715454,0.9646803140640259,0.9982695579528809,0.4791230261325836,0.32974690198898315,0.4930930733680725,0.01460337545722723,0.9992740750312805,0.31752851605415344,0.4089479446411133,-0.9062393307685852,0.9330719709396362,0.9999170303344727,0.2555141746997833,0.4047496020793915,0.43643316626548767,0.0702248215675354,0.999679446220398,0.20418542623519897,0.4422251284122467,-0.9924684762954712,0.9096384048461914,0.9998568296432495,0.15932530164718628,0.42733103036880493,0.4345428943634033,0.12008893489837646,0.9995445609092712,0.16488224267959595,0.41710418462753296,-0.9469822645187378,0.9114216566085815,0.9998940229415894,0.1354026198387146,0.41095975041389465,0.3543586730957031,0.12303518503904343,0.999541163444519,0.20355510711669922,0.408118337392807,-0.8788658380508423,0.8616327047348022,0.9999330043792725,0.16613727807998657,0.4085581600666046,0.39570149779319763,0.10941280424594879,0.9997323155403137,0.7935764193534851,0.44758251309394836,-0.319125235080719,0.9994662404060364,0.9997965693473816,0.7559606432914734,0.43604063987731934,0.3188200294971466,0.9992082715034485,0.9999064207077026,0.6141319870948792,0.6614653468132019,-0.2854052186012268,0.6930035948753357,0.9998157620429993,0.7789676189422607,0.6446353197097778,0.5116180181503296,0.03103536181151867,0.9997681975364685,0.7523205280303955,0.911136269569397,-0.3120054602622986,0.8103935122489929,0.9960750937461853,0.8743566870689392,0.8470094203948975,0.701055109500885,0.05264591798186302,0.9946101903915405,0.8376436829566956,0.9437499046325684,-0.32862159609794617,0.8469469547271729,0.9785782694816589,0.9329190254211426,0.8814222812652588,0.7120152711868286,0.13655616343021393,0.988103449344635,0.4790104031562805,0.9644652605056763,-0.5570748448371887,0.8482468128204346,0.974719226360321,0.650795578956604,0.8718470335006714,0.618461012840271,0.13108956813812256,0.9884670972824097,0.22678645833333333,0.5057222222222222,0.082234375,0.3438425925925926,1,0.22585,0.510593,0.0811796,0.347658,,,,
283,12,video_4_13_jpg.rf.4f3d6558a14f2d3396006a30d261801a.jpg,2.jpg,-0.10636723041534424,0.1218031644821167,0.010613235644996166,0.8923318982124329,0.8878430128097534,-0.11213749647140503,0.08418428897857666,-0.1541728377342224,0.8348482847213745,0.8650946021080017,-0.10197216272354126,0.07922804355621338,-0.15537507832050323,0.8362463712692261,0.8836222887039185,-0.09364122152328491,0.07531100511550903,-0.1546211689710617,0.8737245798110962,0.8651861548423767,-0.10804420709609985,0.0896458625793457,0.016350330784916878,0.8780597448348999,0.8510730266571045,-0.09370416402816772,0.08793064951896667,0.014253959059715271,0.9045864343643188,0.8867767453193665,-0.0793808102607727,0.08607017993927002,0.013178393244743347,0.9303497076034546,0.8858618140220642,-0.02090078592300415,0.06557634472846985,-0.6236472725868225,0.9511013031005859,0.9329025149345398,-0.0032873153686523438,0.06794962286949158,0.1537187397480011,0.9283731579780579,0.9326836466789246,-0.03160959482192993,0.12783506512641907,-0.10490427166223526,0.9243835806846619,0.9666646718978882,-0.024087190628051758,0.13156795501708984,0.10684740543365479,0.887097179889679,0.9166719317436218,0.2513594925403595,0.15263184905052185,-1.025242805480957,0.9989749193191528,0.9966791868209839,0.3320312798023224,0.13207146525382996,0.7549288272857666,0.9919969439506531,0.9891868233680725,0.5515627264976501,0.328321248292923,-1.0418461561203003,0.7213674187660217,0.8874160051345825,0.58228600025177,0.3128781318664551,1.2498441934585571,0.0014506909064948559,0.9512524008750916,0.10623478889465332,0.3878585398197174,-0.3236352801322937,0.17199665307998657,0.9843634963035583,0.23928457498550415,0.37470853328704834,1.3667453527450562,0.009013011120259762,0.9898577332496643,0.012945830821990967,0.4133147597312927,-0.3459809124469757,0.16855154931545258,0.9773434400558472,0.20156162977218628,0.39239388704299927,1.4091399908065796,0.019914008677005768,0.9862003326416016,-0.017986595630645752,0.39737963676452637,-0.2709701657295227,0.16387870907783508,0.9803071618080139,0.14919912815093994,0.3952924311161041,1.2972657680511475,0.020176129415631294,0.9842639565467834,0.031094133853912354,0.3892110586166382,-0.25806769728660583,0.12947167456150055,0.9859674572944641,0.1747671663761139,0.39153555035591125,1.3071033954620361,0.021925954148173332,0.9901214838027954,0.6366075277328491,0.45972079038619995,-0.5796754956245422,0.9950096607208252,0.9956871867179871,0.7408908009529114,0.4441370666027069,0.579312264919281,0.993596076965332,0.9976102113723755,0.44171029329299927,0.6862553358078003,0.0177166648209095,0.519667387008667,0.9905943870544434,0.6161088347434998,0.6549522876739502,1.1043728590011597,0.04205506667494774,0.9962385892868042,0.631986141204834,0.9282143712043762,0.5060436725616455,0.7879624366760254,0.9330374002456665,0.7826716899871826,0.8598360419273376,1.6954996585845947,0.17392033338546753,0.9692173600196838,0.7431298494338989,0.9575859904289246,0.5346799492835999,0.6584648489952087,0.8235222697257996,0.8653404712677002,0.8975992798805237,1.7458906173706055,0.27260276675224304,0.9445972442626953,0.34634900093078613,0.9446157217025757,0.15207475423812866,0.6140100955963135,0.8547923564910889,0.5267153978347778,0.886857271194458,1.5362544059753418,0.16846492886543274,0.9459751844406128,0.22678645833333333,0.5057222222222222,0.082234375,0.3438425925925926,1,0.238572,0.512053,0.0582854,0.319588,,,,
283,13,video_4_14_jpg.rf.c4a21bffd99a6838ac1b0185c7de10fb.jpg,1.jpg,0.12130981683731079,0.1470245122909546,-0.28977036476135254,0.9999667406082153,0.9999700784683228,0.11664748191833496,0.12129673361778259,-0.3941587805747986,0.9999455213546753,0.9999426603317261,0.12339228391647339,0.1192556619644165,-0.39478111267089844,0.9999417066574097,0.999953031539917,0.13015997409820557,0.11700576543807983,-0.394351989030838,0.9999600648880005,0.999947190284729,0.11451655626296997,0.12098738551139832,-0.2769792079925537,0.99996018409729,0.9999183416366577,0.12017059326171875,0.118448406457901,-0.2783431112766266,0.9999639987945557,0.999933123588562,0.12567806243896484,0.11533123254776001,-0.278691828250885,0.9999704360961914,0.9999223947525024,0.20913606882095337,0.10511675477027893,-0.6360629200935364,0.9999865293502808,0.9999798536300659,0.2074645757675171,0.1042359471321106,-0.09862489253282547,0.999967098236084,0.999954104423523,0.1837707757949829,0.15739551186561584,-0.34128478169441223,0.9999806880950928,0.9999910593032837,0.18357783555984497,0.15787985920906067,-0.19506175816059113,0.9999521970748901,0.9999654293060303,0.4969688057899475,0.1755681037902832,-0.8419766426086426,0.9999927282333374,0.9999953508377075,0.42956408858299255,0.17964255809783936,0.3640896677970886,0.9998346567153931,0.9999661445617676,0.6780784130096436,0.33849242329597473,-1.099109411239624,0.9917967319488525,0.9995163679122925,0.5165051221847534,0.32356494665145874,0.5824172496795654,0.01027039997279644,0.9995525479316711,0.32761314511299133,0.429223895072937,-1.1007972955703735,0.9821917414665222,0.9999589920043945,0.31837329268455505,0.41686081886291504,0.4488370418548584,0.062166158109903336,0.999783456325531,0.24379688501358032,0.4673095941543579,-1.2092998027801514,0.9688488245010376,0.9999104738235474,0.2484802007675171,0.4472717344760895,0.4406103193759918,0.11560872942209244,0.9996821880340576,0.19823163747787476,0.45651689171791077,-1.1634591817855835,0.9703196287155151,0.9999310970306396,0.2316572666168213,0.4438723623752594,0.3374066650867462,0.12167561799287796,0.9996778964996338,0.2299472689628601,0.4433305561542511,-1.0710296630859375,0.9471842050552368,0.9999580383300781,0.2568513751029968,0.43770408630371094,0.39533698558807373,0.10721595585346222,0.9998090863227844,0.783832311630249,0.44009873270988464,-0.39750224351882935,0.9992824196815491,0.9997686743736267,0.75870680809021,0.42762476205825806,0.3971824049949646,0.9987659454345703,0.9998680353164673,0.629076361656189,0.6556001901626587,-0.44999605417251587,0.6316717863082886,0.9996856451034546,0.7039737701416016,0.6414148807525635,0.5490924715995789,0.022814279422163963,0.9995638728141785,0.8238838911056519,0.8923102617263794,-0.2982507646083832,0.5576180815696716,0.9929332733154297,0.8282729387283325,0.861351728439331,0.7064951658248901,0.03072216548025608,0.9903156161308289,0.9096165895462036,0.9236996173858643,-0.2972470223903656,0.6593448519706726,0.9680320024490356,0.9085548520088196,0.890449583530426,0.7111488580703735,0.0884467139840126,0.9803125262260437,0.5648499727249146,0.9607285261154175,-0.5276722311973572,0.6548426151275635,0.9781525731086731,0.6239416599273682,0.9289365410804749,0.5843009352684021,0.08178078383207321,0.986650824546814,0.2299270833333333,0.5077685185185185,0.08433333333333333,0.33675925925925926,1,0.231,0.512327,0.0775725,0.339207,,,,
283,14,video_4_15_jpg.rf.57e78fa97e8ca8cfaf0c36ef646beb57.jpg,1.jpg,0.26228925585746765,0.1749858856201172,-0.2400437444448471,0.9999663829803467,0.9999837875366211,0.25663286447525024,0.14601221680641174,-0.31526079773902893,0.9999415874481201,0.999969482421875,0.26408547163009644,0.14313668012619019,-0.31582245230674744,0.9999343156814575,0.9999717473983765,0.2717587649822235,0.14055860042572021,-0.3154815137386322,0.9999532699584961,0.9999648332595825,0.2522119879722595,0.1465078592300415,-0.21880045533180237,0.9999634027481079,0.9999678134918213,0.2556922733783722,0.14425772428512573,-0.21989522874355316,0.9999697208404541,0.9999755620956421,0.2595643699169159,0.14172974228858948,-0.22029606997966766,0.9999771118164062,0.9999743700027466,0.3434746265411377,0.12550142407417297,-0.5066222548484802,0.9999810457229614,0.9999810457229614,0.33073145151138306,0.12723299860954285,-0.06394657492637634,0.9999704360961914,0.9999847412109375,0.31524941325187683,0.18352633714675903,-0.28520071506500244,0.9999746084213257,0.9999916553497314,0.3120427131652832,0.18536129593849182,-0.16392534971237183,0.999951958656311,0.9999775886535645,0.5811811089515686,0.18664520978927612,-0.6751924753189087,0.9999903440475464,0.999994158744812,0.49294501543045044,0.20246559381484985,0.25354689359664917,0.9999253749847412,0.9999878406524658,0.7123052477836609,0.34789109230041504,-0.8405827879905701,0.9839133620262146,0.9995842576026917,0.5211272239685059,0.36061739921569824,0.4037063717842102,0.05573249235749245,0.9998942613601685,0.4926607310771942,0.4744618237018585,-0.7733554244041443,0.9716575145721436,0.9999607801437378,0.4440217912197113,0.48534584045410156,0.2671552300453186,0.334674209356308,0.9999701976776123,0.45484256744384766,0.5213586091995239,-0.8456050753593445,0.9547501802444458,0.9998984336853027,0.4207383096218109,0.5235231518745422,0.25694897770881653,0.40765416622161865,0.9999309778213501,0.4102509915828705,0.5141828060150146,-0.8143904209136963,0.9566711187362671,0.9999186992645264,0.3866707384586334,0.517807126045227,0.1735694259405136,0.42509180307388306,0.9999330043792725,0.4270947575569153,0.49855294823646545,-0.7496908903121948,0.9243826270103455,0.9999524354934692,0.3982445299625397,0.5068061351776123,0.22384101152420044,0.3889077603816986,0.9999663829803467,0.823009192943573,0.4341769814491272,-0.2943788766860962,0.9995594620704651,0.9998974800109863,0.7532934546470642,0.43272629380226135,0.2942194938659668,0.9993701577186584,0.9999586343765259,0.715853214263916,0.6550468802452087,-0.34765130281448364,0.7052289247512817,0.9998518228530884,0.7251003980636597,0.6368538737297058,0.4305037260055542,0.0371808186173439,0.9998964071273804,0.8815516233444214,0.884658932685852,-0.2925761640071869,0.7371654510498047,0.9969822764396667,0.7961266040802002,0.8404011726379395,0.5834829211235046,0.05051316320896149,0.9975541234016418,0.9521668553352356,0.9279294013977051,-0.3018040955066681,0.7223960757255554,0.9856495261192322,0.8489429354667664,0.8779920339584351,0.5893349051475525,0.11127491295337677,0.9950217008590698,0.7061430215835571,0.9504950046539307,-0.5454214811325073,0.7953715324401855,0.986330509185791,0.6348410844802856,0.8905439376831055,0.46500328183174133,0.12914302945137024,0.9950087070465088,0.23144791666666667,0.5077685185185185,0.09052083333333334,0.3218518518518519,1,0.224566,0.51372,0.10437,0.340485,,,,
283,15,video_4_16_jpg.rf.1556ba3e977dbc27b9c3a296ab728dad.jpg,1.jpg,0.30240970849990845,0.19119378924369812,-0.20660988986492157,0.9999905824661255,0.999994158744812,0.2948092818260193,0.16459164023399353,-0.25980445742607117,0.999984622001648,0.9999847412109375,0.3003455400466919,0.16245773434638977,-0.2602598965167999,0.99997878074646,0.9999837875366211,0.306271493434906,0.16050481796264648,-0.2599533796310425,0.9999860525131226,0.999977707862854,0.29024016857147217,0.16352495551109314,-0.1980065554380417,0.9999932050704956,0.9999884366989136,0.2922206521034241,0.16075938940048218,-0.19908064603805542,0.9999942779541016,0.9999924898147583,0.29409080743789673,0.15791526436805725,-0.19940978288650513,0.9999963045120239,0.9999927282333374,0.3630881905555725,0.14357513189315796,-0.3858952522277832,0.999993085861206,0.9999874830245972,0.3513341248035431,0.14240655303001404,-0.1063992828130722,0.9999958276748657,0.9999960660934448,0.34601205587387085,0.19827722012996674,-0.23428747057914734,0.9999949932098389,0.9999970197677612,0.3445391058921814,0.20092011988162994,-0.1585259884595871,0.9999932050704956,0.9999953508377075,0.5792181491851807,0.19642770290374756,-0.4824327826499939,0.9999949932098389,0.9999967813491821,0.509006679058075,0.21040955185890198,0.12273767590522766,0.9999880790710449,0.9999986886978149,0.7124313116073608,0.3648318350315094,-0.5039490461349487,0.9848935008049011,0.9998652935028076,0.5835850834846497,0.3671827018260956,0.27065345644950867,0.27871930599212646,0.9999860525131226,0.5727026462554932,0.49400216341018677,-0.35323822498321533,0.9801942110061646,0.9999916553497314,0.5410189032554626,0.5132012367248535,0.20174357295036316,0.8487377166748047,0.9999974966049194,0.5639402866363525,0.5461231470108032,-0.3896280527114868,0.9667543768882751,0.9999754428863525,0.5254195928573608,0.5523231029510498,0.19221380352973938,0.8453408479690552,0.9999914169311523,0.5139702558517456,0.5449517965316772,-0.3759444057941437,0.9672342538833618,0.9999796152114868,0.5021113753318787,0.5580758452415466,0.118573397397995,0.8507251739501953,0.9999916553497314,0.5196735262870789,0.5305982828140259,-0.33651015162467957,0.9485718607902527,0.9999896287918091,0.5155084133148193,0.5422927737236023,0.1666858196258545,0.8074069619178772,0.9999966621398926,0.8402658104896545,0.4131093919277191,-0.19224314391613007,0.9999212026596069,0.9999803304672241,0.7574790120124817,0.4129987359046936,0.19204314053058624,0.9999281167984009,0.9999954700469971,0.7810167074203491,0.6489053964614868,-0.11924956738948822,0.8121713995933533,0.999936580657959,0.7515335083007812,0.6394570469856262,0.19993101060390472,0.13498446345329285,0.9999743700027466,0.8675025105476379,0.8736947178840637,-0.057369064539670944,0.8180792927742004,0.9990373849868774,0.8058295845985413,0.8477747440338135,0.28759706020355225,0.09382683038711548,0.9990098476409912,0.9179878830909729,0.9138870239257812,-0.05898773670196533,0.8421813249588013,0.9954221844673157,0.8579928874969482,0.8854935169219971,0.2920093238353729,0.15933284163475037,0.9979496598243713,0.7143603563308716,0.9432824850082397,-0.1913522481918335,0.8677511811256409,0.9943564534187317,0.6673106551170349,0.9091972708702087,0.21086560189723969,0.2267560511827469,0.9973402619361877,0.231765625,0.5118703703703704,0.09324479166666667,0.3076851851851852,1,0.222507,0.514578,0.117216,0.335428,,,,
283,16,video_4_17_jpg.rf.3fc72dbed14771a43acb3e2ed5e2f262.jpg,1.jpg,0.10374677181243896,0.1902792751789093,-0.29931944608688354,0.9995668530464172,0.9998393058776855,0.08710753917694092,0.16265186667442322,-0.3783179223537445,0.9993337988853455,0.9996066689491272,0.0939706563949585,0.15984797477722168,-0.3790276050567627,0.9991303086280823,0.9996205568313599,0.10125613212585449,0.15728938579559326,-0.37866953015327454,0.999470055103302,0.99951171875,0.0805615782737732,0.16291400790214539,-0.29988378286361694,0.9996509552001953,0.9996445178985596,0.08213180303573608,0.16071400046348572,-0.3012775182723999,0.9997305274009705,0.9997726082801819,0.08376872539520264,0.15834957361221313,-0.3019010126590729,0.9998239874839783,0.9997846484184265,0.17760413885116577,0.13789266347885132,-0.5582194924354553,0.9997397065162659,0.9997784495353699,0.16234338283538818,0.13841667771339417,-0.20274126529693604,0.9998036026954651,0.9998923540115356,0.15775054693222046,0.19709773361682892,-0.3384372293949127,0.9997852444648743,0.9999401569366455,0.15146201848983765,0.19946496188640594,-0.2410987913608551,0.9996911287307739,0.9998878240585327,0.44385963678359985,0.17715317010879517,-0.6298424601554871,0.9999760389328003,0.999987006187439,0.3492675721645355,0.1912536770105362,0.03962294012308121,0.9998966455459595,0.9999852180480957,0.5954561233520508,0.35293999314308167,-0.6682738065719604,0.9175939559936523,0.9998428821563721,0.49732646346092224,0.3489762842655182,0.1796969622373581,0.040952593088150024,0.9999139308929443,0.49540385603904724,0.52779221534729,-0.5371652841567993,0.9205313324928284,0.9999698400497437,0.4941108822822571,0.507087230682373,0.0916556566953659,0.20432502031326294,0.9999722242355347,0.5110804438591003,0.5823386311531067,-0.6001344323158264,0.9025112986564636,0.9998964071273804,0.49429792165756226,0.5455530881881714,0.07428129762411118,0.2522827088832855,0.9999266862869263,0.4509139657020569,0.575059175491333,-0.5953460931777954,0.9090520739555359,0.9999101161956787,0.46018341183662415,0.5540703535079956,-0.020163707435131073,0.2703914940357208,0.9999269247055054,0.4485042691230774,0.5603793859481812,-0.5261638760566711,0.8633071780204773,0.9999536275863647,0.46836814284324646,0.5356379747390747,0.047772061079740524,0.22374871373176575,0.9999678134918213,0.807182252407074,0.394391268491745,-0.19369938969612122,0.9999034404754639,0.9999889135360718,0.7139365673065186,0.40013569593429565,0.19342592358589172,0.9998897314071655,0.9999964237213135,0.763237476348877,0.6328835487365723,-0.048953644931316376,0.3736847937107086,0.9999110698699951,0.6974880695343018,0.6348403692245483,0.22123850882053375,0.03194266930222511,0.9999538660049438,0.8069031834602356,0.8783389925956726,-0.03514577075839043,0.6064389944076538,0.999241828918457,0.7197579741477966,0.8498263955116272,0.2961154878139496,0.029238758608698845,0.9985136389732361,0.8530034422874451,0.9226751923561096,-0.046604644507169724,0.7222068309783936,0.9966296553611755,0.7922347784042358,0.8968919515609741,0.29773691296577454,0.05965796113014221,0.9972967505455017,0.6230123043060303,0.949504017829895,-0.26599302887916565,0.7112796902656555,0.9964080452919006,0.5645384788513184,0.905121922492981,0.14880600571632385,0.08955802768468857,0.9976160526275635,0.23416145833333332,0.5189537037037038,0.09658854166666667,0.2959814814814815,1,0.235886,0.521229,0.0955211,0.315729,,,,
283,17,video_4_18_jpg.rf.0e9b7ada26e6ddf991b7f8c8db06d185.jpg,1.jpg,0.024999797344207764,0.19380243122577667,-0.27439674735069275,0.992909848690033,0.9937307834625244,0.008522868156433105,0.1633482426404953,-0.3464236259460449,0.9869266152381897,0.9855219125747681,0.01576894521713257,0.1597573608160019,-0.34715697169303894,0.9827987551689148,0.9867076873779297,0.023360252380371094,0.15611882507801056,-0.34702804684638977,0.9903408885002136,0.9830306172370911,0.0061283111572265625,0.1652790606021881,-0.26967209577560425,0.9939741492271423,0.9882358312606812,0.010782837867736816,0.16335631906986237,-0.2710621953010559,0.9953498840332031,0.9933241009712219,0.01567298173904419,0.16093985736370087,-0.27177417278289795,0.9974218606948853,0.9943547248840332,0.08411824703216553,0.13432317972183228,-0.5236133933067322,0.9957213401794434,0.9934694766998291,0.0796021819114685,0.13789619505405426,-0.17668460309505463,0.9975084066390991,0.9976158142089844,0.08529520034790039,0.1958923637866974,-0.3166775703430176,0.99750155210495,0.9986433386802673,0.07857322692871094,0.19982539117336273,-0.22200003266334534,0.9971018433570862,0.9981352090835571,0.3590349555015564,0.18037854135036469,-0.6616135835647583,0.9998626708984375,0.9998334646224976,0.27382150292396545,0.20775726437568665,0.09357656538486481,0.999648928642273,0.9998925924301147,0.5066069960594177,0.34798046946525574,-0.7021247148513794,0.7752377390861511,0.9989448189735413,0.430010586977005,0.35549360513687134,0.26490604877471924,0.03198210150003433,0.9996938705444336,0.47153472900390625,0.5447214841842651,-0.48455655574798584,0.5735077261924744,0.9992996454238892,0.43230557441711426,0.5141201019287109,0.24293732643127441,0.1407117396593094,0.9998694658279419,0.4957582652568817,0.5968525409698486,-0.5443987846374512,0.5595521926879883,0.997975766658783,0.4314178228378296,0.5622910261154175,0.24521608650684357,0.18146063387393951,0.9996658563613892,0.44266656041145325,0.6000227928161621,-0.5297697186470032,0.5620789527893066,0.9980708956718445,0.4049847424030304,0.5733397006988525,0.13095425069332123,0.19199971854686737,0.9996702671051025,0.43067216873168945,0.5817383527755737,-0.46953877806663513,0.509932279586792,0.9989469647407532,0.4112047553062439,0.5562812089920044,0.19259922206401825,0.16700194776058197,0.9998652935028076,0.7944821715354919,0.35573989152908325,-0.218905508518219,0.9997242093086243,0.9999066591262817,0.6868815422058105,0.37288084626197815,0.218446284532547,0.9997280240058899,0.999962329864502,0.7431076765060425,0.5945636630058289,-0.2618097960948944,0.7329965829849243,0.9998083710670471,0.6238702535629272,0.5939761400222778,0.10351653397083282,0.03581816703081131,0.9998852014541626,0.7606986165046692,0.8525047302246094,-0.3544768989086151,0.8413847088813782,0.9977593421936035,0.6563604474067688,0.8230599164962769,0.10389497876167297,0.033761076629161835,0.9957159161567688,0.8220956325531006,0.9071310758590698,-0.37433454394340515,0.8967705368995667,0.9884935021400452,0.719450831413269,0.8677768707275391,0.10035335272550583,0.08256817609071732,0.9926169514656067,0.604304850101471,0.8971443176269531,-0.5797533988952637,0.8531819581985474,0.987592875957489,0.5108400583267212,0.8685364723205566,-0.024884885177016258,0.07902320474386215,0.9933139681816101,0.23565104166666667,0.5230462962962963,0.10104166666666667,0.28625925925925927,1,0.242033,0.52924,0.0892055,0.302802,,,,
283,19,video_4_20_jpg.rf.878ea61991c70f73f8cdbe533658e9cb.jpg,1.jpg,0.6602175831794739,0.668670654296875,-0.37688350677490234,0.9218146204948425,0.9648960828781128,0.6330934166908264,0.6922073364257812,-0.3757724463939667,0.9161763787269592,0.9656520485877991,0.6189600229263306,0.6935234069824219,-0.37710073590278625,0.9240735173225403,0.971859335899353,0.6045807600021362,0.6941382884979248,-0.37751173973083496,0.9529767036437988,0.9647385478019714,0.6686851978302002,0.6910786628723145,-0.331758975982666,0.9025349020957947,0.9298798441886902,0.6803362369537354,0.6908354163169861,-0.33264994621276855,0.900658905506134,0.9163264632225037,0.6923007369041443,0.6910027265548706,-0.3331833779811859,0.9104252457618713,0.880869448184967,0.5659144520759583,0.688323974609375,-0.28342682123184204,0.9798585176467896,0.9721279740333557,0.690575122833252,0.6850161552429199,-0.07652370631694794,0.8174126148223877,0.8682878613471985,0.6304216980934143,0.648808479309082,-0.31842029094696045,0.8028345108032227,0.8921363353729248,0.6716665625572205,0.6467518210411072,-0.2679583430290222,0.733913242816925,0.7035130262374878,0.46054771542549133,0.576141357421875,-0.35211431980133057,0.9953923225402832,0.9906560778617859,0.7375597953796387,0.6090695858001709,0.1592470407485962,0.9563387036323547,0.8897916078567505,0.32722586393356323,0.427056223154068,-0.5256065130233765,0.44587862491607666,0.6718981862068176,0.6455795764923096,0.5501741170883179,0.23375599086284637,0.005977751221507788,0.4855777323246002,0.32067760825157166,0.5839057564735413,-0.506119966506958,0.31790193915367126,0.9899308681488037,0.49974074959754944,0.6119917631149292,0.3406454920768738,0.014443473890423775,0.9252009391784668,0.3550204634666443,0.589087724685669,-0.5414047837257385,0.2630070447921753,0.9907392263412476,0.46623495221138,0.6251333355903625,0.339535653591156,0.027194859459996223,0.9366151094436646,0.34193217754364014,0.6113435626029968,-0.5159461498260498,0.2363254427909851,0.990587055683136,0.4596026837825775,0.6399424076080322,0.3477918803691864,0.026598144322633743,0.9346832036972046,0.3473444879055023,0.6004302501678467,-0.4875548183917999,0.1766349822282791,0.9925634264945984,0.4671471118927002,0.6377005577087402,0.33959048986434937,0.026810841634869576,0.9540040493011475,0.5775410532951355,0.27818191051483154,-0.1361224502325058,0.9081820845603943,0.768052339553833,0.7511671185493469,0.317915141582489,0.13548021018505096,0.8404030799865723,0.5563656091690063,0.18430712819099426,0.26245391368865967,-0.38561517000198364,0.5909883379936218,0.6517447233200073,0.6238119006156921,0.5283098816871643,0.5972286462783813,0.014812388457357883,0.7685762643814087,0.3112565875053406,0.5927494168281555,0.4552686810493469,0.02602574974298477,0.9708388447761536,0.607710063457489,0.7130188941955566,0.794886589050293,0.04032658413052559,0.8900095820426941,0.32817432284355164,0.61139976978302,0.5587243437767029,0.04055144265294075,0.9538568258285522,0.6149196624755859,0.7100829482078552,0.823210597038269,0.058094583451747894,0.9065468311309814,0.29832786321640015,0.6676701307296753,0.632091224193573,0.02946413867175579,0.9605913758277893,0.6104733943939209,0.8086400032043457,0.8467966914176941,0.03936757892370224,0.8721829056739807,0.23675,0.5332870370370371,0.105875,0.264537037037037,1,0.252876,0.527609,0.073659,0.28865,,,,
283,20,video_4_21_jpg.rf.c9e0c7a8aea63a06b78a83531179c000.jpg,1.jpg,-0.0328332781791687,0.27962952852249146,-0.36574167013168335,0.9541570544242859,0.9826894998550415,-0.05744415521621704,0.24949750304222107,-0.44888031482696533,0.8967055678367615,0.9678606390953064,-0.046563148498535156,0.2503141164779663,-0.4497210383415222,0.8787700533866882,0.9686013460159302,-0.05490875244140625,0.24524208903312683,-0.44958165287971497,0.9114417433738708,0.9575153589248657,-0.052079200744628906,0.2489362359046936,-0.3761664927005768,0.9594191312789917,0.9803270697593689,-0.04594236612319946,0.24647332727909088,-0.3778272569179535,0.9760349988937378,0.9899694323539734,-0.04052090644836426,0.24405956268310547,-0.3787803053855896,0.9864349365234375,0.9923027753829956,0.003461003303527832,0.22511984407901764,-0.6326746344566345,0.9537255764007568,0.9737064838409424,-0.007650136947631836,0.22676435112953186,-0.30277788639068604,0.9897786974906921,0.9959356784820557,0.009527921676635742,0.2739007771015167,-0.4028719961643219,0.9733720421791077,0.9931983351707458,0.010441243648529053,0.27883708477020264,-0.31352096796035767,0.9803352355957031,0.9936965107917786,0.23088982701301575,0.2488763928413391,-0.7586171627044678,0.9993327260017395,0.9990944862365723,0.16109150648117065,0.28150075674057007,0.0027083582244813442,0.9993782043457031,0.9998000264167786,0.3598593771457672,0.44009047746658325,-0.7665325999259949,0.7156612873077393,0.9957095384597778,0.25412899255752563,0.45773935317993164,0.08540267497301102,0.049642860889434814,0.9994882345199585,0.3704567849636078,0.6627070903778076,-0.5106266140937805,0.549480140209198,0.9975970387458801,0.30935341119766235,0.6233595609664917,-0.01983707956969738,0.17656949162483215,0.9998642206192017,0.38819417357444763,0.711591362953186,-0.584918737411499,0.5571448802947998,0.994321346282959,0.3168503940105438,0.6642007827758789,-0.01599881239235401,0.2112114578485489,0.9996696710586548,0.3473619222640991,0.712691605091095,-0.5734059810638428,0.5559670925140381,0.9943791031837463,0.31477704644203186,0.6804128885269165,-0.14873391389846802,0.2263873666524887,0.9996839761734009,0.3500746190547943,0.696831464767456,-0.49850988388061523,0.48395058512687683,0.9967333078384399,0.31142720580101013,0.6658496856689453,-0.0761377140879631,0.19703266024589539,0.999862551689148,0.8074838519096375,0.37473058700561523,-0.21792154014110565,0.9993119239807129,0.9996775388717651,0.6727708578109741,0.4025672972202301,0.21781305968761444,0.9995018243789673,0.9999182224273682,0.6950086355209351,0.6167444586753845,-0.33685383200645447,0.7923660278320312,0.9995288848876953,0.5487396717071533,0.6071450710296631,-0.18127486109733582,0.04818221181631088,0.9998751878738403,0.6834888458251953,0.8794180750846863,-0.5400152802467346,0.8407025933265686,0.9985401630401611,0.5605834722518921,0.8533928394317627,-0.35964229702949524,0.04120199754834175,0.9973650574684143,0.7357529997825623,0.9318784475326538,-0.572585940361023,0.9285047650337219,0.9943708777427673,0.629666805267334,0.9017998576164246,-0.37666234374046326,0.10403691232204437,0.9962791800498962,0.42553284764289856,0.9311369061470032,-0.7780860662460327,0.8883377313613892,0.9953063130378723,0.3567136824131012,0.90043705701828,-0.5136427879333496,0.11525330692529678,0.9965165853500366,0.23811458333333332,0.5390648148148148,0.10596354166666666,0.25422222222222224,1,0.24993,0.526094,0.0822364,0.294684,,,,
283,23,video_4_24_jpg.rf.743a4ff97444d4ef203ab6702bf3015e.jpg,1.jpg,0.18234264850616455,0.24502387642860413,-0.6482105255126953,0.9998862743377686,0.999985933303833,0.1603778600692749,0.2187402844429016,-0.7274739146232605,0.9998394250869751,0.9999748468399048,0.1639348268508911,0.21345795691013336,-0.7282106876373291,0.9998314380645752,0.9999797344207764,0.1677646040916443,0.20845119655132294,-0.7283040285110474,0.999891996383667,0.9999711513519287,0.15689200162887573,0.22081375122070312,-0.622714638710022,0.9998891353607178,0.9999599456787109,0.1581602692604065,0.21712207794189453,-0.6237185001373291,0.9999040365219116,0.9999649524688721,0.15933477878570557,0.21342915296554565,-0.6241489052772522,0.9999191761016846,0.9999550580978394,0.20844101905822754,0.17817430198192596,-0.8977928757667542,0.9999243021011353,0.9999669790267944,0.19800597429275513,0.18515124917030334,-0.4169975817203522,0.9997933506965637,0.9999352693557739,0.22905081510543823,0.23868197202682495,-0.6875059604644775,0.9998570680618286,0.9999793767929077,0.22522032260894775,0.24204343557357788,-0.5536811947822571,0.9997767806053162,0.9999545812606812,0.38976550102233887,0.19807834923267365,-1.1102018356323242,0.9999276399612427,0.9999717473983765,0.3139466345310211,0.2380794882774353,-0.01986008696258068,0.9997770190238953,0.9999338388442993,0.4122657775878906,0.4220372438430786,-1.3644351959228516,0.991486132144928,0.9998898506164551,0.3171815276145935,0.42274707555770874,-0.04809270799160004,0.12953484058380127,0.9997738003730774,0.29854434728622437,0.6029461622238159,-1.3230375051498413,0.9801905751228333,0.9998822212219238,0.24643611907958984,0.6112143397331238,-0.446641743183136,0.17689988017082214,0.999704897403717,0.2908414602279663,0.6663247346878052,-1.4586067199707031,0.9724072217941284,0.9996691942214966,0.2176971435546875,0.6626937985420227,-0.4853355288505554,0.23040425777435303,0.9994245767593384,0.24907881021499634,0.6561346650123596,-1.4270941019058228,0.9731629490852356,0.9996910095214844,0.21320301294326782,0.6645483374595642,-0.6074679493904114,0.24608314037322998,0.9994150400161743,0.26067817211151123,0.6386170387268066,-1.3113582134246826,0.9591432213783264,0.9998182654380798,0.22708624601364136,0.6500899195671082,-0.5123963356018066,0.25120237469673157,0.9996986389160156,0.8447865843772888,0.25747212767601013,-0.355904221534729,0.9995056390762329,0.9988707900047302,0.7455649375915527,0.28142210841178894,0.35559919476509094,0.999474823474884,0.9991065859794617,0.7293086051940918,0.5198807716369629,-0.6694168448448181,0.9070224761962891,0.9997647404670715,0.6360167860984802,0.5051524639129639,0.2607705593109131,0.03844372183084488,0.9994788765907288,0.7288684844970703,0.8161172270774841,-0.7018182277679443,0.9048317074775696,0.998116135597229,0.7101112008094788,0.7258301973342896,0.3476792573928833,0.0646413192152977,0.9911835193634033,0.7760718464851379,0.8640143275260925,-0.726029098033905,0.9268653988838196,0.9917170405387878,0.7715070247650146,0.7553969025611877,0.34921693801879883,0.1536877602338791,0.9860219359397888,0.5563918948173523,0.8725887537002563,-1.0389281511306763,0.8758561611175537,0.9964195489883423,0.5578771829605103,0.818847119808197,0.1637052297592163,0.0864013209939003,0.99410480260849,0.23710416666666667,0.5463333333333333,0.11431770833333334,0.24219444444444443,1,0.238992,0.547226,0.109159,0.268436,,,,
283,24,video_4_25_jpg.rf.0af6cf4c0ded0ee0ebdaa80cd524035e.jpg,0.jpg,0.2462344467639923,0.2519242763519287,-0.2526368796825409,0.9997895359992981,0.999922513961792,0.22436872124671936,0.22160065174102783,-0.3117668032646179,0.9995501637458801,0.9998775720596313,0.22736838459968567,0.21776250004768372,-0.3122687339782715,0.9994590878486633,0.9998846054077148,0.23029661178588867,0.21463647484779358,-0.31209006905555725,0.9996304512023926,0.9998362064361572,0.22170448303222656,0.2216254621744156,-0.2578834295272827,0.9998040795326233,0.9998922348022461,0.22305643558502197,0.21769563853740692,-0.25891682505607605,0.9998632669448853,0.999931812286377,0.22445985674858093,0.2137957215309143,-0.25937139987945557,0.9999103546142578,0.9999319314956665,0.267485648393631,0.18562611937522888,-0.4362623691558838,0.999771773815155,0.9998791217803955,0.2630087733268738,0.18382713198661804,-0.1905011236667633,0.9998979568481445,0.9999425411224365,0.28894874453544617,0.24613259732723236,-0.27749544382095337,0.9996397495269775,0.9998842477798462,0.28794097900390625,0.24925053119659424,-0.20979075133800507,0.9996463060379028,0.9998294115066528,0.43738222122192383,0.19958533346652985,-0.5298382639884949,0.9998632669448853,0.9999423027038574,0.3909938335418701,0.21964313089847565,0.019004441797733307,0.999618411064148,0.9999493360519409,0.4126686453819275,0.42505329847335815,-0.6136776804924011,0.968864381313324,0.9998743534088135,0.3326391279697418,0.41228345036506653,0.06744254380464554,0.05456947907805443,0.999875545501709,0.29332467913627625,0.6079996228218079,-0.5356470346450806,0.9748884439468384,0.999868631362915,0.26387786865234375,0.5926164388656616,-0.016834396868944168,0.08312361687421799,0.9998083710670471,0.27258360385894775,0.6566503047943115,-0.6217370629310608,0.9674500823020935,0.9995068311691284,0.22922244668006897,0.6433595418930054,-0.017124775797128677,0.11182334274053574,0.9995461106300354,0.23502135276794434,0.6607789993286133,-0.599924623966217,0.9689704775810242,0.9995052814483643,0.2264215052127838,0.6502918004989624,-0.11187342554330826,0.12516270577907562,0.9995488524436951,0.24628186225891113,0.6499369740486145,-0.5288633108139038,0.954676628112793,0.9997431635856628,0.24182608723640442,0.6360653638839722,-0.059362638741731644,0.1287325620651245,0.99979168176651,0.8340777158737183,0.31732869148254395,-0.15519489347934723,0.9998700618743896,0.9999549388885498,0.7415388822555542,0.3277159333229065,0.1547735184431076,0.9998396635055542,0.9999803304672241,0.758406937122345,0.5796512365341187,-0.1448061615228653,0.8288127779960632,0.9999191761016846,0.6540064811706543,0.5481692552566528,0.05949994549155235,0.04037204012274742,0.9999611377716064,0.7322636246681213,0.8456527590751648,-0.1987544447183609,0.8775801658630371,0.9996908903121948,0.6637890934944153,0.802825927734375,0.04529274255037308,0.025392355397343636,0.9990505576133728,0.7638758420944214,0.8934674263000488,-0.21040180325508118,0.9416046738624573,0.9987589120864868,0.7213661074638367,0.8248480558395386,0.04558146744966507,0.07354830950498581,0.9985793828964233,0.5735235810279846,0.9105405807495117,-0.3257375955581665,0.9034552574157715,0.9991899132728577,0.5350499749183655,0.8731278777122498,-0.019849156960844994,0.08324596285820007,0.9991307854652405,0.23358854166666668,0.5463333333333333,0.11712499999999999,0.24219444444444443,1,0.234788,0.548854,0.118683,0.270262,,,,
283,25,video_4_26_jpg.rf.6badab0f31d0bff96de03da22fec47bc.jpg,1.jpg,0.23995143175125122,0.24638120830059052,-0.30101630091667175,0.998207688331604,0.9993195533752441,0.21883004903793335,0.21899928152561188,-0.3592347502708435,0.9968050718307495,0.9990750551223755,0.22288602590560913,0.21558204293251038,-0.35987451672554016,0.9961141347885132,0.9990760087966919,0.22658544778823853,0.21248847246170044,-0.3596893548965454,0.9970517158508301,0.9986369013786316,0.21420127153396606,0.21934165060520172,-0.301722913980484,0.9987303614616394,0.9993354678153992,0.21569979190826416,0.21616262197494507,-0.3030223548412323,0.9991692304611206,0.9996013045310974,0.2175372838973999,0.21261607110500336,-0.3036310374736786,0.9994922876358032,0.9996432065963745,0.2671913504600525,0.18250782787799835,-0.47744250297546387,0.9976512789726257,0.9984356760978699,0.2550933361053467,0.1833072304725647,-0.21518990397453308,0.999382734298706,0.999664306640625,0.2892250418663025,0.24253877997398376,-0.32227060198783875,0.997101366519928,0.9988711476325989,0.28645092248916626,0.24414491653442383,-0.2505068778991699,0.9978705644607544,0.9988588094711304,0.4356990158557892,0.2089652568101883,-0.5510841608047485,0.9987573623657227,0.9988501071929932,0.3680706322193146,0.2083776295185089,-0.006320999935269356,0.9990504384040833,0.999782383441925,0.4050815999507904,0.4474183917045593,-0.5970677733421326,0.9356524348258972,0.9978013634681702,0.3300175070762634,0.40977758169174194,0.054345663636922836,0.11717674136161804,0.9996309280395508,0.27630680799484253,0.6080372333526611,-0.501205563545227,0.918870747089386,0.9986864924430847,0.24807655811309814,0.5894988775253296,-0.08437244594097137,0.4202786982059479,0.9998469352722168,0.2621491551399231,0.659637451171875,-0.5848498940467834,0.9167808294296265,0.9967472553253174,0.2129315733909607,0.6408369541168213,-0.09795932471752167,0.45540156960487366,0.9996274709701538,0.21797144412994385,0.6567026376724243,-0.575302004814148,0.9191443920135498,0.9967558979988098,0.20651406049728394,0.644902229309082,-0.20088301599025726,0.48593226075172424,0.9996101260185242,0.23023265600204468,0.6412563323974609,-0.49915996193885803,0.8852783441543579,0.9981575608253479,0.22563380002975464,0.6240143775939941,-0.1322508305311203,0.4633250832557678,0.9998194575309753,0.8693835139274597,0.2806079387664795,-0.16426876187324524,0.9992707371711731,0.9992967844009399,0.768690824508667,0.29332390427589417,0.16400988399982452,0.9993889331817627,0.9997946619987488,0.7602642774581909,0.5493996143341064,-0.2213212102651596,0.8809706568717957,0.9991652965545654,0.6611412763595581,0.5425570011138916,-0.0019857583101838827,0.06531700491905212,0.9997764229774475,0.7489274740219116,0.8426240086555481,-0.205530047416687,0.8709383010864258,0.9981573224067688,0.677025318145752,0.8133403062820435,0.04921972379088402,0.03947111964225769,0.9952972531318665,0.7964046001434326,0.8914507031440735,-0.212656170129776,0.9380061626434326,0.9941921830177307,0.7260538935661316,0.8499629497528076,0.05592350661754608,0.10647779703140259,0.9939908385276794,0.596462607383728,0.9067477583885193,-0.3461936116218567,0.8835200667381287,0.9958720803260803,0.5492627620697021,0.8826183676719666,-0.02506827749311924,0.09748254716396332,0.9957497119903564,0.23200520833333332,0.5520370370370371,0.11747916666666666,0.252037037037037,1,0.234223,0.548612,0.116457,0.26889,,,,
283,26,video_4_27_jpg.rf.4e6d6886de2682f8326871c75c51aa2c.jpg,1.jpg,0.22902750968933105,0.25162968039512634,-0.34306812286376953,0.9989237189292908,0.9996447563171387,0.2077479362487793,0.2246849536895752,-0.403807669878006,0.9979026317596436,0.9994884729385376,0.21171867847442627,0.22000165283679962,-0.4044477343559265,0.9976356029510498,0.9994845390319824,0.21580106019973755,0.21556387841701508,-0.40425947308540344,0.9981111288070679,0.9992467164993286,0.2021092176437378,0.22566474974155426,-0.34959283471107483,0.9992252588272095,0.9996379613876343,0.20218998193740845,0.22175362706184387,-0.3508714437484741,0.9995388984680176,0.9997897744178772,0.20257580280303955,0.21785221993923187,-0.35147911310195923,0.9996999502182007,0.9998119473457336,0.2556251287460327,0.1828538477420807,-0.5235456228256226,0.9988260865211487,0.9993026256561279,0.24356180429458618,0.1857399195432663,-0.2764132022857666,0.9997001886367798,0.9998544454574585,0.27732929587364197,0.24567574262619019,-0.36452409625053406,0.9984263181686401,0.9995092153549194,0.27184537053108215,0.24969181418418884,-0.296712726354599,0.9988792538642883,0.9994988441467285,0.4257242679595947,0.19049060344696045,-0.6023058891296387,0.9996277093887329,0.9997585415840149,0.35663023591041565,0.2110995203256607,-0.06297551840543747,0.9996010661125183,0.9999465942382812,0.3958452045917511,0.424803763628006,-0.6818386316299438,0.970321536064148,0.9993663430213928,0.293823778629303,0.40446487069129944,0.002812166465446353,0.11602598428726196,0.9998672008514404,0.2484247088432312,0.6006324291229248,-0.6084427237510681,0.9665346145629883,0.9995272159576416,0.22942137718200684,0.5939362645149231,-0.1136188805103302,0.35831621289253235,0.9999148845672607,0.23327749967575073,0.6571705341339111,-0.6982302665710449,0.9652276039123535,0.9985920786857605,0.20945024490356445,0.647023618221283,-0.11967343091964722,0.41932976245880127,0.9997633099555969,0.19293135404586792,0.6498679518699646,-0.6833285093307495,0.9672786593437195,0.9985882639884949,0.19753718376159668,0.6470987200737,-0.22494782507419586,0.45764294266700745,0.9997616410255432,0.20184403657913208,0.6303292512893677,-0.6048735976219177,0.9493441581726074,0.9992550015449524,0.20694255828857422,0.6263580322265625,-0.16062167286872864,0.44536858797073364,0.9998956918716431,0.855602502822876,0.2922184467315674,-0.15856535732746124,0.9997410178184509,0.9998561143875122,0.7455363869667053,0.31343913078308105,0.15824489295482635,0.9997507929801941,0.9999622106552124,0.7691428065299988,0.5488272309303284,-0.1714671105146408,0.8950836062431335,0.9996843338012695,0.6734246015548706,0.5356054306030273,0.003890932071954012,0.07155336439609528,0.9999321699142456,0.7532157301902771,0.8459718227386475,-0.2506735324859619,0.9175527691841125,0.99944669008255,0.6838887333869934,0.8019888401031494,-0.03343391418457031,0.05080125480890274,0.9982954859733582,0.7896518707275391,0.8951597213745117,-0.2650696635246277,0.9634873270988464,0.9981799125671387,0.7626252174377441,0.8300520181655884,-0.03515169024467468,0.13634566962718964,0.9977356195449829,0.5842152833938599,0.9161254167556763,-0.3740077018737793,0.9437825083732605,0.9985974431037903,0.5586158037185669,0.8769059181213379,-0.10013739764690399,0.16550302505493164,0.9983654618263245,0.23227083333333332,0.5564907407407408,0.11624999999999999,0.26563888888888887,1,0.233981,0.548103,0.113209,0.269227,,,,
283,27,video_4_28_jpg.rf.8b4dae10f2e2b9092d3390562e87987d.jpg,1.jpg,0.23264342546463013,0.25203031301498413,-0.3463825285434723,0.9998865127563477,0.9999662637710571,0.21150776743888855,0.22690843045711517,-0.40803658962249756,0.9997795224189758,0.9999459981918335,0.2144167721271515,0.22276516258716583,-0.4085898697376251,0.9997370839118958,0.9999430179595947,0.21785175800323486,0.21821480989456177,-0.4082360863685608,0.9997803568840027,0.9999144077301025,0.20986226201057434,0.22659601271152496,-0.3507448136806488,0.9999134540557861,0.9999629259109497,0.21130439639091492,0.22259946167469025,-0.351793110370636,0.9999474287033081,0.999976634979248,0.21304211020469666,0.21812181174755096,-0.3523580729961395,0.9999634027481079,0.9999774694442749,0.2577650249004364,0.1840972900390625,-0.5378187894821167,0.9998812675476074,0.9999262094497681,0.25045716762542725,0.18642789125442505,-0.275166392326355,0.9999656677246094,0.9999829530715942,0.2828947901725769,0.24765858054161072,-0.37075257301330566,0.9997833371162415,0.9999349117279053,0.28054505586624146,0.24946294724941254,-0.29828178882598877,0.9998212456703186,0.9999182224273682,0.4349946975708008,0.19363728165626526,-0.5992064476013184,0.9998782873153687,0.9999470710754395,0.38326165080070496,0.1952594369649887,-0.06608609110116959,0.9998109936714172,0.9999798536300659,0.4152906537055969,0.4051886796951294,-0.6741276383399963,0.9844908118247986,0.9995524287223816,0.32465875148773193,0.38956570625305176,0.0042327954433858395,0.14845548570156097,0.9998464584350586,0.27664315700531006,0.5869640111923218,-0.5925284028053284,0.988093912601471,0.9997045397758484,0.2550812363624573,0.5820828080177307,-0.07510516792535782,0.36874163150787354,0.9998800754547119,0.2505108714103699,0.636239767074585,-0.6751395463943481,0.9866052269935608,0.9991679191589355,0.21244025230407715,0.6298801302909851,-0.07235504686832428,0.42617836594581604,0.9997188448905945,0.2146601378917694,0.6350940465927124,-0.6571326851844788,0.9873684048652649,0.9992049336433411,0.21293795108795166,0.6300018429756165,-0.16844689846038818,0.45644161105155945,0.9997151494026184,0.2303379774093628,0.6211996674537659,-0.5857111215591431,0.9786362648010254,0.9995637536048889,0.23294368386268616,0.6169465184211731,-0.11676979809999466,0.44553443789482117,0.9998651742935181,0.8390916585922241,0.31617265939712524,-0.15151184797286987,0.9996626377105713,0.9998821020126343,0.7299708724021912,0.33077552914619446,0.15110041201114655,0.9996403455734253,0.9999710321426392,0.7607511281967163,0.542015790939331,-0.15569919347763062,0.9356533885002136,0.9998102784156799,0.6574746966362,0.5382226705551147,0.1200469434261322,0.16645212471485138,0.9999639987945557,0.7548468708992004,0.8185408115386963,-0.16813123226165771,0.9581584334373474,0.9997121691703796,0.6853156089782715,0.7945265769958496,0.12286025285720825,0.19103111326694489,0.9991707801818848,0.788815438747406,0.8659635782241821,-0.17548491060733795,0.9765979051589966,0.9990358352661133,0.7170178890228271,0.8373748064041138,0.1226387768983841,0.3053660988807678,0.9987815022468567,0.5988291501998901,0.890227198600769,-0.29259955883026123,0.9730117917060852,0.9990676045417786,0.5292676091194153,0.8492577075958252,0.0377223901450634,0.4465494751930237,0.9989839196205139,0.23336979166666666,0.5579814814814815,0.11405208333333333,0.26391666666666663,1,0.232986,0.549317,0.116058,0.277729,,,,
283,28,video_4_29_jpg.rf.749353fad7ce782da44d2c985c5f4f5e.jpg,0.jpg,0.21879583597183228,0.23003272712230682,-0.3579607307910919,0.9973651766777039,0.999229907989502,0.20170408487319946,0.2046288549900055,-0.42014288902282715,0.9958095550537109,0.998878538608551,0.20724666118621826,0.19999872148036957,-0.4208681285381317,0.9950240254402161,0.9987738728523254,0.21337848901748657,0.19547289609909058,-0.42061108350753784,0.9958349466323853,0.9981446266174316,0.19560611248016357,0.20543180406093597,-0.3598865270614624,0.9985477328300476,0.9993925094604492,0.19655102491378784,0.2020140439271927,-0.3612746000289917,0.9991624355316162,0.9996762275695801,0.19798141717910767,0.19825011491775513,-0.3619721829891205,0.9994860887527466,0.9997454285621643,0.26109546422958374,0.16656547784805298,-0.559609055519104,0.997262716293335,0.9979224801063538,0.2419576644897461,0.16859309375286102,-0.2859373688697815,0.9995182752609253,0.9998272061347961,0.2696600556373596,0.22688016295433044,-0.38798800110816956,0.9972353577613831,0.9990781545639038,0.2640992999076843,0.2299998253583908,-0.3129217028617859,0.9983229041099548,0.9992857575416565,0.44019991159439087,0.17495815455913544,-0.644304096698761,0.9992251396179199,0.999288022518158,0.3384794592857361,0.19521695375442505,-0.0987459272146225,0.9996503591537476,0.9999572038650513,0.43480536341667175,0.3943924903869629,-0.6908405423164368,0.9627363681793213,0.9973390698432922,0.2922089695930481,0.381119966506958,-0.014000093564391136,0.28908735513687134,0.99988853931427,0.31127262115478516,0.5776473879814148,-0.566048264503479,0.927889883518219,0.9989230036735535,0.23197323083877563,0.5762706995010376,-0.15450336039066315,0.7998517155647278,0.9999686479568481,0.29984986782073975,0.6323268413543701,-0.6408761739730835,0.9274260997772217,0.9974594712257385,0.1933908462524414,0.621724545955658,-0.1701732724905014,0.8174964189529419,0.9998936653137207,0.2591422200202942,0.6356371641159058,-0.6441823244094849,0.9308063387870789,0.9974378347396851,0.20354503393173218,0.6264663338661194,-0.27291303873062134,0.8411175012588501,0.9998986721038818,0.26684242486953735,0.6213319301605225,-0.566447377204895,0.892967700958252,0.9985818862915039,0.22069883346557617,0.6160604953765869,-0.2022288739681244,0.8176113963127136,0.9999587535858154,0.8706066608428955,0.2722473740577698,-0.16227877140045166,0.9993380904197693,0.9995512366294861,0.7555347084999084,0.29226499795913696,0.16200242936611176,0.999556839466095,0.9999330043792725,0.7665969729423523,0.5377103090286255,-0.14253036677837372,0.8617465496063232,0.9990723133087158,0.6635063886642456,0.5316383838653564,0.04889287054538727,0.09852907061576843,0.9999030828475952,0.7716183066368103,0.824142575263977,-0.2055840790271759,0.8776501417160034,0.9985905289649963,0.7109667062759399,0.7850914001464844,0.030401339754462242,0.07213044166564941,0.9972702860832214,0.8102745413780212,0.8659884333610535,-0.21808862686157227,0.9477997422218323,0.996088981628418,0.7382355332374573,0.8231936097145081,0.02925514243543148,0.17150501906871796,0.9969025254249573,0.6146119236946106,0.8905911445617676,-0.32495465874671936,0.9206173419952393,0.9969568252563477,0.5600112080574036,0.8576482534408569,-0.03247017413377762,0.2040141522884369,0.9974486231803894,0.23288541666666665,0.5562592592592592,0.112203125,0.2636111111111111,1,0.231276,0.553604,0.115838,0.277569,,,,
283,29,video_4_30_jpg.rf.59a26b3cc591583301e10d24672fd511.jpg,1.jpg,0.20981109142303467,0.2376360297203064,-0.36559104919433594,0.9980658888816833,0.9994825124740601,0.18700987100601196,0.20917603373527527,-0.4232182502746582,0.9970946311950684,0.9993064403533936,0.19091349840164185,0.20520471036434174,-0.4239477217197418,0.9965364933013916,0.9992994070053101,0.194871187210083,0.20154047012329102,-0.4237557351589203,0.9973580241203308,0.9989776611328125,0.18139111995697021,0.21061474084854126,-0.3654766082763672,0.9988191723823547,0.9995249509811401,0.1815522313117981,0.2074650675058365,-0.36688926815986633,0.999226450920105,0.9997237324714661,0.18171733617782593,0.2042323499917984,-0.3676096796989441,0.9995156526565552,0.9997593760490417,0.23715746402740479,0.16817247867584229,-0.5397418141365051,0.9982783794403076,0.9990229606628418,0.22298771142959595,0.17099829018115997,-0.27743569016456604,0.9994416832923889,0.9998347759246826,0.26225745677948,0.232079416513443,-0.3870905637741089,0.9976947903633118,0.9993818998336792,0.2565537095069885,0.23540861904621124,-0.3155025243759155,0.9982469081878662,0.9993696808815002,0.4304601848125458,0.16633464395999908,-0.6375859379768372,0.9995563626289368,0.9996782541275024,0.3206719756126404,0.2013060748577118,-0.0731351226568222,0.999603807926178,0.9999555349349976,0.4366493225097656,0.3850744366645813,-0.7093296647071838,0.93434739112854,0.9984856247901917,0.27773910760879517,0.38243383169174194,-0.006473736837506294,0.11334419995546341,0.9998514652252197,0.3191630244255066,0.584801435470581,-0.5911665558815002,0.8519588112831116,0.998950183391571,0.2326839566230774,0.5875827074050903,-0.15923050045967102,0.33128511905670166,0.9998763799667358,0.30018553137779236,0.6416037678718567,-0.6662975549697876,0.8554048538208008,0.997200608253479,0.20944905281066895,0.6350866556167603,-0.17458757758140564,0.386290043592453,0.9996091723442078,0.2597944140434265,0.6393186450004578,-0.670426070690155,0.8649886250495911,0.996972918510437,0.21001094579696655,0.640648365020752,-0.27595189213752747,0.4213266670703888,0.9996070265769958,0.2729073166847229,0.6232860088348389,-0.5916422605514526,0.8090673089027405,0.9983750581741333,0.2220476269721985,0.6254395842552185,-0.2073373645544052,0.4084734320640564,0.9998369216918945,0.8623853325843811,0.2716679871082306,-0.16544193029403687,0.9996174573898315,0.9997968077659607,0.738724410533905,0.30029189586639404,0.1649966686964035,0.9996864795684814,0.9999594688415527,0.7541077733039856,0.5403100848197937,-0.19940298795700073,0.8333837985992432,0.9995267391204834,0.6411140561103821,0.543794572353363,0.02766784466803074,0.10055042058229446,0.9999257326126099,0.7807381749153137,0.8369845151901245,-0.2716387212276459,0.8256303071975708,0.9988730549812317,0.6789599657058716,0.8087835311889648,-0.033647309988737106,0.06157216802239418,0.9973950386047363,0.8257890939712524,0.8844951391220093,-0.28470534086227417,0.9170477390289307,0.9964187145233154,0.7364785671234131,0.8528925180435181,-0.0388139933347702,0.14840787649154663,0.9968206882476807,0.6202446222305298,0.9102041721343994,-0.38706785440444946,0.8826960325241089,0.996690034866333,0.5209832191467285,0.9306358098983765,-0.09182638674974442,0.16803814470767975,0.9970242381095886,0.23270833333333335,0.5585277777777778,0.11185416666666666,0.26032407407407404,1,0.231865,0.552755,0.113926,0.268671,,,,
